id,MAC,SSID,timestamp,hash,rssi,sn,htci
1,FF-70-F3-39-C1-3C,mbrien0,600055,174a4ee4026a1b7cdd3734cea3500c8e5c5a3acb,-76,599,CDF
3,3A-32-6B-3A-DE-D5,fstollmeier1,600092,147fa531ea13cdbebcbb1fd1dda42e6bf33b7454,-52,1099,IDR
2,11-F1-1C-A2-CD-E8,ijanaud2,600081,43713e9eae70eeacffd91f5197d852804f8b507e,-90,482,CNY
1,34-F1-6A-DC-77-91,kescott3,600015,1840ae3253265e2d36040cb67436d45f957cb2bb,-87,392,COP
3,AF-54-83-0E-4D-F8,bwarters4,600054,7a1063d6d49b36e6c12b3b4b9ebbb464cad5204c,-65,798,PLN
3,57-73-48-7B-C5-36,psproson5,600069,87dcde9f9dcca74d33a065cea2fbc8aa091f293f,-88,151,CNY
3,49-FA-04-1E-4C-47,lroycroft6,600064,8b2e1cf64f8bb66c7a057a8579b2f732dab2311b,-60,625,ARS
3,A8-F8-D8-FD-AB-FA,bpeckham7,600063,8356af4ec1732fd09d32d6831b82c5a8834a4f48,-72,928,BRL
3,68-FC-34-54-24-43,bmylchreest8,600067,e730afe554327a7090a0a63fe7be7819fcb7660f,-69,655,CAD
1,44-21-C3-6F-58-F8,mbyfford9,600083,9456c3f5a1cff903bb76a3926f0c8fed332c0a52,-52,715,MAD
3,66-AF-99-BA-7B-17,rlowena,600009,a5b8e005dc0f2d324b6de4ec0c82f40917512a78,-79,790,USD
1,41-6A-4F-DF-6F-3A,ipurkissb,600094,dbf53e908f7819a7be76015b71c03cbb34f27e60,-46,509,CNY
3,11-FD-E9-34-90-60,lossultonc,600112,e82293610b4d165a84d3e164cba31cb662be324d,-48,644,AFN
1,73-3E-D8-2D-A6-F3,njachtymd,600113,bcb65ab52ea16355fdaad9034c0fa461cfebe737,-90,958,IDR
1,67-F2-CB-0D-4D-9A,acamamille,600011,a1d59925c4f669fe52660715b29c90ef1cd1404a,-83,455,ALL
3,59-9E-D5-C3-36-46,croomef,600110,e4103317bd4a4a4af20a7eb56fbe2bcfa4f03bdf,-68,805,PLN
3,69-5E-D4-C2-C0-C3,jdelaneyg,600003,59ab02d8f41cfc0a73e6de57768534c0e16430b9,-64,280,CNY
1,36-E2-77-C2-9F-9B,mbellengerh,600017,8443000df406bbbf49ad19d5138f4936e535efd3,-83,826,ARS
2,E0-6B-6B-99-E4-44,ddourini,600105,04df811d92c420cece3a3a7a948d3a38b471f914,-81,703,PLN
2,67-E4-A3-41-1D-2E,pbleesj,600041,1b2add2b9aa2a2272478d3f1375abccdd5c922be,-48,838,UAH
3,AA-F6-06-43-36-7E,tkemeryk,600099,20356f5ad2f743a22fbaa0c5a8440b8a3886d6b3,-41,268,IDR
1,8D-15-E4-14-F4-81,csteffansl,600045,c8a37d0d92338d375f792ccba3f63be35e2a7417,-47,518,PLN
1,39-2C-21-38-17-41,gwedmorem,600009,d187c436ada6f4c3be22014a3c8e95fde1b85a63,-68,549,MNT
3,48-81-F0-ED-B5-88,apudenn,600041,027ee8fe8f2ac49aea54f93267077faeeb1c0506,-80,148,CNY
1,F3-D0-4E-E5-C9-D5,wivakhnovo,600024,979d491f24e249de4cee6a1b7eb61cc1650f88b2,-75,306,VND
1,EA-F0-7A-52-46-31,abrogip,600061,d473e73e0b528f57a1d33a042e91685c249fdccf,-48,952,BRL
2,4A-ED-23-BA-65-1F,wravelq,600006,feeca89b8c16a2c132e1acea5a02217989aee4b7,-78,441,CNY
2,6B-59-5C-95-B6-37,tausherr,600107,6b88df4ef49b41735a5cada36971d06e14bd0f2e,-47,682,JMD
3,0C-65-12-83-AB-35,tmacparlans,600097,81e124f27ff94202e19f880f71c651202cb44123,-61,932,EUR
3,B8-4D-2D-47-AA-E3,mcoret,600086,8310e158105b598232d59a01f4c0e80d71e4dfd4,-46,227,EUR
3,70-B7-9F-8C-A3-D8,yviscou,600023,dce98d14385a06de277ef4c56c84d4ab37bdbf1c,-48,579,RUB
2,B8-0E-C6-FB-B0-0A,nmiskellyv,600086,e5dd5f26bfbce52fd442d1eb570ad51c28e7323d,-52,978,UZS
3,E8-20-21-13-37-C2,cmcgeochw,600000,cc900b2288395a1e57aeaa167135f04f4f65b3d0,-88,525,PHP
2,1B-A7-F9-65-4D-CD,sunthankx,600016,d3cd43572b727ae29ca189fe2f9ff1beea51a0aa,-40,655,UAH
3,57-54-79-4B-E6-EE,akleinlerery,600101,044d6668e841d6b3613e4389bd24d6a48c42fcf1,-65,496,KWD
1,2D-46-C5-2B-DD-5B,efermoyz,600106,192cd4523f0264eca4a5e345e853254e594f46b7,-69,351,EUR
1,97-A3-3B-19-AE-93,btimewell10,600047,ff9a090e7ec62f61c8d769f1609fb98806fc6814,-59,1165,RUB
1,69-D1-EF-0D-6E-39,blarret11,600067,1a25fc34bf6d6f77050019a68168ef16636ba5f1,-75,367,CAD
2,3F-D6-AA-28-7E-A6,pjanovsky12,600016,c28eec9b504460541f3072a54a689c6474e99614,-86,301,CNY
1,1D-42-77-F4-C0-EC,gdeaguirre13,600051,000a28385f54ee3be7316c953eac12e6d2cc4ace,-57,496,CLP
1,F9-BB-B8-FA-1D-B1,dbelitz14,600063,e2fdde30575f60052999559b91df88a9e19e8cdf,-72,596,THB
2,6F-6B-90-75-11-6B,lpetkens15,600094,a503eea74d8997d1d47b0060e759bfc8f74b7a12,-45,663,EGP
3,96-89-44-68-55-90,jroan16,600092,9ab7a839ff9e29cba5b2a5136279fb94964fba81,-79,1002,USD
1,DD-41-2C-8E-F4-69,kwingatt17,600091,d2f3b18740bcad6b5ded4eae825396e63047e762,-63,1041,CNY
3,48-59-90-4B-39-EB,vwagenen18,600102,7c425967f2a074ce00151b0425bee420bf40602b,-85,407,EUR
3,BE-83-AA-67-85-EC,kcassedy19,600001,04667bb8ab6d1a127248d1e966fadddc75cb93a9,-59,604,IDR
2,E6-8E-64-D9-2E-77,mkinastan1a,600112,0ff34feda1c06bf533055fae5ec703283fb7adab,-43,662,IDR
1,FA-A4-75-CA-EC-FC,scrolla1b,600077,9d83552d9571652d47e3cc0a3cafbe6ae2a35b3c,-82,447,UAH
2,79-97-18-0B-90-7F,grash1c,600061,c0e66d52b4cb39c970bfb50c430e89b8aaab774b,-68,656,EUR
1,4C-8A-26-48-8B-94,fprobets1d,600098,d8dec65470517116676471c34fef4d54b051c460,-42,923,RUB
3,64-0B-BC-A5-6A-6B,rpoyser1e,600070,d80373f925bc0bf654641b5dac1dd08d3dbfb4fc,-62,822,IDR
2,7C-10-E3-1A-F1-73,tadelberg1f,600020,8ea813f13353a6ad183a53b57c4894f7904d7f19,-64,388,UAH
3,02-8E-F1-18-DA-D3,iduplantier1g,600024,1da2ed58c1e34a70b922eedf0c82499a62842354,-57,719,CAD
3,5C-00-FB-81-8F-31,acorish1h,600068,59b0819f6d0f63d7176e4de054bd70d2449763ec,-52,174,MGA
2,62-02-87-24-47-15,bprover1i,600031,4ed8da8e4cd3173b687c2d53a931d40d128d57d2,-86,657,CUP
3,16-57-D9-2D-AC-54,vquickfall1j,600085,2637b85a20aff373435e2ad62ac61f99e52e65e7,-63,998,XOF
3,13-65-AF-17-B2-7B,scowitz1k,600019,2f863736988171a2d66af0abf54582d1eece7922,-46,283,CDF
2,F8-75-B2-8D-06-6F,kburtwell1l,600081,897db2a8908c830f205e9399766cf59ebc0bd560,-82,212,IRR
2,95-72-0D-1A-33-3C,ckerridge1m,600073,48263e1e31ebde7d31d157b452b4bf5b9f6e2dcf,-49,982,USD
2,98-A4-34-C8-1F-37,mdudlestone1n,600059,dde1f24a033dfe62c2a8d6d2111d039b2308fb8e,-71,730,BRL
2,E9-0D-5D-E5-17-EB,aschober1o,600114,ea73acea995c26fb360157114ab683e195b7a078,-43,245,PHP
2,1A-07-00-8D-F3-1C,slygoe1p,600090,c4a4faeae68fa9382af82c90457354587b23ae69,-50,181,CNY
2,DB-2D-2C-16-0C-97,gtwinborough1q,600036,cbd28375e551cb62e86b5407a9f5e04173442081,-90,813,CNY
1,78-85-4E-8E-CD-9D,ming1r,600005,46f4d6440cacaf22cc3ed6bbd9a14a113f137fb4,-80,154,EUR
1,6D-B8-35-96-F4-FB,ciacomelli1s,600061,1de3d21f1aeb9a4157bfa77b683f06c7c73fae68,-46,501,AZN
1,32-6F-13-9A-2B-2E,bmcgivena1t,600014,33dbefa19da989cf672a827bd1893dda7f30784c,-46,197,DOP
3,8C-46-20-49-E3-07,wdrinkall1u,600047,a34b40514acb1d512d2614b805b74ce80833621a,-72,814,EUR
1,69-44-A9-67-48-0A,malkins1v,600019,87c38b8a672a1ea188f63bcfbcc884270e2bd26e,-59,881,CNY
1,CE-6A-DB-56-4B-01,hgoodridge1w,600011,b615ffeac836890c2f03db1ac3b0c43ec18b8bff,-87,680,BRL
3,AF-30-3F-58-90-C8,mcaneo1x,600054,41368f605a1ea33b068a5248338d62efa47b7a49,-89,501,SEK
3,24-5F-B7-B5-76-53,dboltwood1y,600075,164f67bcc486ce4a03a8277078de3e89c137a090,-73,226,JPY
1,14-C5-BF-D6-48-C7,lwelsby1z,600075,d823bc01560df642642d94f0dbe60c40699c955c,-87,479,IDR
1,D0-CE-70-3A-65-76,cklugman20,600014,430159c9b767088828b1a11e44690094ef7a3eb6,-75,1100,PLN
2,E4-F5-66-29-7D-9E,tabriani21,600038,f34a4257ce96d6ed2490d6355419e209731099b1,-76,1193,RUB
1,92-98-80-82-B1-4C,bingrey22,600005,09e014151cf81beb702c27dedbae366eba6cec3e,-72,640,CNY
3,C6-CB-07-FF-25-44,fdennett23,600022,c8b88f9b7548c378be3f94597a504ccfe19dff61,-40,1018,ILS
3,56-A6-0B-9C-39-41,ztebbe24,600064,d14a03a18e5599f9903c8fe5051b49abb42441cd,-72,1191,CNY
1,03-A2-35-E5-B5-71,dandre25,600016,52b11526fae01328ef0afaa0412306dd071299d1,-86,440,IDR
3,BE-F7-47-87-A1-63,lchattey26,600116,ea5c63761d91940c8588316b729306332eea361c,-80,279,SSP
2,50-9F-D4-DE-4D-31,bwhitrod27,600112,61fe69323d7936a2d89bb7866d34810a767d83d1,-58,1197,IDR
1,10-DC-88-C6-AB-08,owalworche28,600015,4a0b864acd3c4e1d59d84c575a8f7f9b4dde88a3,-74,792,PLN
2,22-A4-83-EA-20-57,icoffelt29,600111,9f00815b73222000432b51ec0143d0fbf9b50e49,-42,787,UGX
2,EE-37-48-1D-08-FC,cgeill2a,600039,d1d10542a6dc463f1e8766a9f24430fbb11a3e73,-55,513,NZD
3,76-B5-C6-94-11-26,escalia2b,600081,c80b227a6fba9ea1ed05caf3c912752ae1726b12,-47,192,PHP
1,23-7D-86-93-AD-2B,jklessmann2c,600057,5225957bcf3f11e3ed6354484bf33152bcf5b1a9,-58,377,HRK
3,A8-DD-EF-A9-C7-52,rkearney2d,600041,d284418556f496f8e298ac42935c86a854743bc8,-71,930,RUB
2,80-99-A6-DC-B7-4D,jbarends2e,600087,86b9a14eff5faee7f75d3d85570a7b2027bd5803,-79,538,CAD
3,7F-07-08-C9-29-D1,dchessman2f,600098,a5f8995026f89d7fd4b8310e3ac96398f20276ac,-44,1153,CNY
2,56-80-65-18-D8-F0,jmcgiffin2g,600017,7742468764fdc39f327d195efaff56c6b19ea3c5,-59,540,RUB
1,C5-06-46-E4-8E-25,rblackman2h,600041,e5b4776c347556c832a50ce0d399ca774e89f171,-59,866,IDR
3,C0-CC-93-D1-FA-95,gportman2i,600025,c83382aad5f726e40f90bd251848b43583883ff2,-45,740,JPY
3,28-8A-44-70-D0-31,bgeorgeot2j,600116,e33a941c81fe8582d2735485c6517fe3119a6015,-54,942,YER
1,33-1A-AC-1C-29-75,ephillipson2k,600113,e9275a2f9f281ee218a33e2ae964f30f4e347935,-79,1143,SYP
2,32-33-41-9E-84-69,blashford2l,600033,6c31ee2fab53dda3409a0c9c79c57cd2d53fc2cc,-57,1000,CNY
3,23-6C-E1-25-D8-DB,dbinyon2m,600072,39c37261b48379930413acdc346e9b0fe6538570,-81,567,EUR
2,F4-4E-0D-07-04-A1,blivett2n,600013,efe924d68a24478979e37443145b118521847c64,-62,797,CNY
2,39-F7-F9-43-12-4B,omurt2o,600059,58521efc149b6db3ed09e62e039d16874c195800,-47,963,HRK
1,EF-3F-90-65-68-05,jgerish2p,600047,17b5699eeb0528b37921c25358f76c5a86a9e3b3,-69,323,IDR
2,4E-FB-F6-86-79-8B,floudwell2q,600091,4300ef56dcc0f95ef2dcb307c8dceeea58f25f37,-62,1068,CAD
1,29-C4-07-A8-A8-B4,sbrimilcombe2r,600009,c631111b1c461fb2144533e596433a8963b3b76a,-86,199,CNY
3,25-62-06-AB-12-18,jsweet2s,600061,5d7629a5a8146bf043ac6fd15b43c88400d403ae,-50,857,EUR
2,11-0D-3C-F0-F5-FB,cpeotz2t,600001,2622faf12c1d2e52593011c888d371da7d9277d8,-68,712,CNY
3,4F-F6-9D-CD-3F-CB,rmacshirie2u,600055,1bbb87ff3d86d35cc4afb026a5b9e68b3e5885bf,-47,1191,CNY
1,2A-E8-06-3D-BA-E0,cmccullagh2v,600061,aafa13bf35d41fe47b83c47a5625dc0e845c8d16,-50,938,CNY
2,C9-8B-A0-D1-DD-BB,mcopnell2w,600072,76cd4863112010a5869301e2acc7b4ef8e069f3e,-60,1200,IRR
1,09-FB-63-15-20-5B,kgrinham2x,600010,ce03078f01ce0531d81762f95cb16d1d9782ef2f,-57,963,SEK
1,7C-E9-F1-99-64-CC,lahmad2y,600077,4e3fc98f104dc4fabd8ad011b72f5379f0485c16,-72,574,IDR
2,03-F8-DB-6F-CD-F6,fblinkhorn2z,600087,f33fd5bf5c38eabc95a5650763c5aa24e66f61db,-89,486,EUR
3,90-7B-B9-A1-E8-96,icowcha30,600071,6c079a4462ca659b696aa6bca352620025e08439,-70,663,ETB
2,56-88-8E-B1-89-43,asimper31,600003,ad854ceb025fc6b52dc65f47ae79ccd679d111f0,-58,990,JPY
2,C8-DF-07-4E-F7-11,pvlasenko32,600109,412924b277107c702e3865104e3f1f70b8d95a57,-88,413,EUR
1,66-26-00-DB-93-77,szorro33,600035,657712dc06f9168b6759098c03c5f7d43bbed60d,-50,1154,MYR
1,9C-47-74-F9-BB-8C,bfairpool34,600102,43b81f85f7f56cc1b1c5c0acc2d10d15d9f3f979,-72,441,PEN
2,F6-42-F8-7F-9F-9C,cmcmarquis35,600115,4068cfc90bd7f38fac694d3e97da00a49c2561f9,-48,964,TND
3,06-9E-9B-32-EC-68,myeliashev36,600023,ee9537da682bb202062a81fe17555ce41487f193,-89,602,CNY
3,AB-C0-F3-4B-62-54,lashwell37,600105,74bc5c932314ace83ae79f22ca8c16dec6f45da9,-48,1003,UAH
3,25-2F-BA-0D-F9-8D,falben38,600083,613a604c566ad7e4f094ff5b2f72497fb6105210,-85,482,MNT
3,FE-FD-44-AB-B8-2B,mbazylets39,600038,e3d91a8d0f27ff1828b9a602581d4b447a7513ab,-67,471,PHP
3,97-0C-5E-49-18-94,asnoxill3a,600105,fccc93cb93e96854c25b0b03d56508a5398c7e71,-46,526,CNY
1,EF-1E-50-08-9E-0A,gfaucett3b,600023,5ec65f3f16c9d4e7002d30ae037462f95b372ccf,-43,728,PHP
3,39-81-37-30-9C-3F,screhan3c,600035,7a666a72f1d898e74e29103a2954e412423764d0,-46,241,MAD
2,BB-A9-0E-68-39-7E,hfyfield3d,600011,b0ada230a3511de482ff5cd3c704e273c4a1df84,-75,499,CNY
1,9A-0B-3B-BD-5C-DC,kkirkebye3e,600039,daa5ecd646ee8b170cc401337c874064c5e6816a,-78,1052,ARS
2,1E-BF-DC-98-77-D6,gbartosch3f,600000,44e6ae07f55371fa62b3b40da87fb27cc4bb7f17,-57,562,JPY
2,3C-06-B4-DA-C7-93,pguyer3g,600101,c003bfd527d09f2de29b0af71f80c09a55a42d79,-77,433,MKD
2,CF-29-98-5F-EE-AD,wateggart3h,600028,3e035baf6636088fd6e5a01aa017ceb6b00f7066,-41,392,ZAR
1,F9-46-D9-8F-50-16,dphilliskirk3i,600031,862068eaf747b5e353d6b4771b203b38c41d4765,-44,982,DKK
3,21-FA-CC-1F-F4-80,jhayer3j,600057,7ae22f11fbea8e5448dbe1fec1028bf684bab78e,-40,1183,PHP
2,E3-DD-3B-32-7D-A9,nsonger3k,600056,b0e99afb37a02f05735db60aa4d5a54e9cc0c82f,-52,1019,EUR
2,7B-D4-5B-DB-E9-BF,nwisby3l,600008,79a1f42a5ee09e0eb004e5aabfe5dace6732efaf,-58,481,PHP
1,87-D5-F8-C4-1D-9A,alippo3m,600025,76c7666c26248bf3fd0b582acca54b38d006fac2,-66,674,PAB
3,67-D9-B9-AF-93-C2,mlabbet3n,600047,2a672208c7df624d43244bfe69b277778369efc3,-49,845,NGN
1,31-C3-E5-DD-7C-8B,pheighton3o,600073,d5d4a47df35aff343a6d8f5e4264c44a15d9b0ef,-53,736,PHP
3,AB-A6-9E-C0-39-69,nbunny3p,600018,a7ddea7e8bc98a9897c33ae567e25c12bdbd3cd3,-79,949,RUB
1,37-62-24-6D-DA-A3,aimos3q,600088,232f3f08738dd2dffaedc1d3c1d0f21c327cba7a,-89,1101,PEN
3,43-CC-47-34-E5-BE,adorsey3r,600024,fa519bc3d39b1e73b83414bfcb938dad25f679da,-84,138,RUB
3,0A-01-D1-00-1B-25,mkoppeck3s,600064,1696efb2cd3638ea1eff765f6ccd92ef379821c4,-74,434,UAH
2,64-93-BA-DF-48-7B,rmcevon3t,600055,90ce699fb732d4e736fdc759c37648978f412f20,-42,780,UZS
2,59-2C-C4-43-25-74,psitlington3u,600051,5b02002016c26095b0a03609c4d5ce241698f208,-65,818,BRL
2,F8-63-DB-8D-C7-11,bcorcut3v,600069,def3353a8727548f88fed9db13da6e8e10f145b1,-53,1032,ZAR
1,B6-96-06-D2-98-62,vdurnian3w,600048,cb5385063a47ca1d1cb08c3adf7763c1901600b8,-70,781,SEK
1,D9-8E-61-D5-AC-0B,vdegrey3x,600009,b24cf1805dd35664c11a4415da7addb802db2ad2,-67,237,XOF
1,6E-1D-F6-AA-94-F2,dlonglands3y,600067,3a10a11af9ac8ab72f71b34a7335b6dd03de9f04,-57,1015,UAH
2,7F-9C-A7-CB-52-47,mmacgiollapheadair3z,600078,220026828c96a8cecfca56f779b4db4e1e322734,-76,909,IDR
3,21-E2-93-32-39-4B,sstockhill40,600085,87a089d933d8035cb934a12cb6bcb1f23cbb7d07,-42,142,EUR
2,AF-D3-E5-7D-8E-B3,mpavolini41,600033,b79bd2fa9c5fba7d4c98708a0bb07d7652d86b76,-85,672,COP
1,AC-AF-99-F0-29-13,zblatchford42,600089,a9e000994ac7b3982544dffe24ececd47dd5c934,-66,429,SEK
2,DC-66-94-11-9E-AE,ebosche43,600064,3170504daaa561fb75cdd90ac7a8209033638cbf,-60,772,PLN
1,8B-0E-82-A8-F1-C2,lavesque44,600084,3f07d31068e2aa6a9e4f78f5fd0fb1a70d6d31cc,-47,814,CLP
2,2A-46-A1-F4-DC-2B,pwatsam45,600021,b03a2e5d5a1f2ee3ee73a01b2bbe0db42e623539,-89,500,ILS
2,E2-7E-C3-08-0C-ED,sparzis46,600027,aa320f54b0d6078de560386820f2800a46a9829a,-72,953,CNY
3,4A-3C-46-AD-0C-5D,ssarjeant47,600008,cd7f8d87b0f28237fc7ff7de3152cf8535d067b8,-73,238,PHP
1,63-22-0B-3D-A9-0F,ssposito48,600096,ed2a792a3940798c09cc0e19f96eb108c30ec3e5,-56,249,ARS
1,1E-2D-71-62-B1-A2,adurdy49,600092,8f7ce8804dc86170f51fb10df24bdb668c91e912,-69,265,ARS
3,EB-A2-88-37-47-D0,bblundell4a,600023,e9280d36e2c52acc52530560fa267ef5c6aa3c1f,-46,445,RUB
2,48-72-3D-62-A6-93,bchell4b,600111,c75e42c26ed568b60057c982d03e68756e8ec1bc,-63,699,BRL
2,17-2A-63-72-11-0A,wquarrell4c,600029,81e3d3c1cfb8f83080626355c54f86b2a49e7ec5,-57,1199,PHP
3,E8-70-9C-D7-2F-0F,maustick4d,600091,a7ceb5ab22603de30870a2c805ff38a897e4f06f,-46,614,CNY
2,2C-D4-E1-25-33-0F,lashelford4e,600054,3d0f133ce2706a0effe6dd8eaad9820bf2cd5a51,-76,383,NIO
1,0A-B3-B6-15-50-24,astickells4f,600029,e6ec46ed539139d2201212da6071343afc6b8cdc,-86,318,IDR
2,3F-AC-59-9D-B5-FD,agaitone4g,600035,aac577653545ec6e35c5a5f82a07eafcde6ea989,-87,905,PLN
3,BE-1F-2B-75-73-F5,geasterby4h,600115,445ebfbf71a9cb10053f20cfcd7c873e6db2170f,-87,974,BRL
3,F2-A1-AC-92-D5-AE,ttatlow4i,600031,e7f9188f8e3deaf5f7bfcff57a94980492f86369,-86,1174,PHP
2,FB-DF-9B-F5-CB-DA,acanepe4j,600038,d9f46961a38f6b3a1d2dcbdbc51d84431ad677f1,-83,288,RUB
2,91-86-F8-E7-96-C7,gshewring4k,600069,4395f5241bba8454ead33f3109974e2c66aa936a,-57,1085,PLN
2,CC-28-18-30-0D-FD,jmolan4l,600052,63e289d55ccb213cebdbbbc54043b6aec3594d9d,-44,885,EUR
3,9A-8F-3B-FE-06-EF,adubs4m,600025,8432fbbd1fb1723b3d3efed608fe15f120bb6ed1,-54,370,DOP
1,D2-1D-0E-E5-13-DC,bcrocket4n,600018,27c3293091e7644f5fbce9b54c28da242f39b562,-42,494,MMK
1,50-C9-57-F8-29-10,cbattyll4o,600076,498e8985fcc912a35611805b4d4b6f44093b0ae4,-57,1123,PLN
3,70-01-54-B1-68-A5,pperdue4p,600002,3900150402928e410f3daab3d10bb05e53bc5bb7,-79,1034,PHP
1,05-17-60-7A-2E-7E,jrobichon4q,600081,43f49c6283391d20636a5d3155e38a17752248bd,-64,711,BRL
1,4D-3B-58-78-2C-34,tvoice4r,600004,fd3beb86ccbcd32987b36133a7e123dee08ec546,-52,897,VEF
3,7C-0D-E5-75-39-C4,balyoshin4s,600085,53cd6abfd43bded8e262b672cdec1ae7a950c8d9,-44,894,CNY
2,55-55-C7-E9-FD-90,kmackelworth4t,600047,8ba5a4d2c1ac9fb5ba85c3af79af376621d2c52a,-76,1126,CNY
1,61-91-B0-47-DB-AC,ldennis4u,600003,8ba4c94d04032f6634cab8111c787108f98e0d36,-49,403,IDR
2,6B-B9-EF-95-E7-4F,achilcott4v,600031,f240be3e8318741cab94faaea91ff7c803116e78,-47,576,USD
1,0C-57-BF-90-03-8B,spresidey4w,600050,b61d47a7e023c6da45ec439bb13f85957d0ce824,-47,1170,RUB
1,3A-5F-6D-52-38-E3,bdonati4x,600115,68bc1fb533a3768e3169acb4c4f5e8675adc102b,-78,468,IDR
1,B2-17-F5-04-4D-71,hheadey4y,600095,fbd0c6f9052203bb162056211978b28c8670c193,-54,916,JPY
2,C0-3D-94-B4-E3-DA,ctingley4z,600056,c1f17075e3019c571933f6969dfde22c5b96b725,-52,1018,CNY
3,3A-C9-C6-EE-4A-0D,deastes50,600015,4f5b965148188e06fc2f1ce8b2d6caff9d400bc8,-44,1080,IDR
1,D0-B7-72-94-CB-8E,zbuyers51,600081,94e57d14e190e4a985ce8c92749bc1887ea8f432,-69,1071,CNY
2,BA-43-90-EE-62-3B,reade52,600032,e10a3ea6b1a250e0f018c40e6edd00aac8d09e12,-79,834,EUR
1,08-B6-C4-6B-DB-7B,mlakey53,600076,d287e8691f451badc3f3df477b0973e330c60bbf,-61,481,UZS
1,56-4E-B9-58-1F-DB,srottgers54,600041,667c3f1eec6e17c0ed13c290a99da758c112e119,-90,576,HTG
2,26-6E-3B-ED-CD-40,bpervew55,600040,48d273247d4792b39dd55c3304afb2c7c054c107,-89,491,BRL
2,0A-5B-BF-93-7D-B2,tforsdyke56,600068,5dbaa55dc0c6fdfcb589836438e064b7697adf3b,-62,734,CNY
2,27-5F-4F-28-98-30,remer57,600100,9832ac283f42495f1cc0fbda6983cccc5191a509,-88,1065,CNY
3,D2-1A-51-2B-DA-15,ccamelia58,600001,d4c52bf5b66baef77721361662b44e47cd623908,-70,469,EUR
2,7E-FA-16-5F-A7-FC,lcasburn59,600079,d7c7aa42bf5d9ddd49f3c7c4ed74b7219b31b726,-47,1090,CNY
2,3D-7B-20-C7-7A-C1,akubec5a,600109,c295c7879aaa7292edbf356e22531f6ecc769cf9,-84,723,RSD
3,17-65-B6-25-D3-6E,emccamish5b,600043,b9bcbb49851df2fb095a0177351c93262d8d517a,-73,304,NGN
1,9A-B8-68-1D-CF-A0,mlemmen5c,600118,2b8466e79159353d4dc4868b39112772c9e39071,-78,416,PYG
3,0D-D8-43-FD-F0-16,scurbishley5d,600074,93cf125426282371fbc8ddd7dabbd4a13cac01e1,-61,704,CNY
2,74-05-A7-5F-07-CE,wfosserd5e,600040,84f0b6205fcf8f680b05fc9ec6846ed4a5946ab0,-76,334,IDR
2,17-E1-67-53-12-4A,mcomoletti5f,600104,938459ee0116807e2599dede642c07085abc2219,-72,344,BAM
2,A1-43-E7-BD-CA-2B,akrysiak5g,600095,d23599f8a782c0bddf8b764423047c55891e7eff,-88,214,IDR
3,A5-1A-41-73-28-22,kkobieriecki5h,600114,5baa686f2a1bd957c81254f7373cee422d178250,-67,497,CNY
1,17-72-8B-52-05-10,wmunehay5i,600110,f44970e5b230b58e7fdb8b628b513692839b69e6,-58,639,PHP
1,14-80-55-DF-12-F3,ksumpton5j,600095,d7a317d6c3a2658a96d60f49ace4b6ec0247a37a,-48,931,IDR
1,7A-99-06-B9-47-EB,gwaddilow5k,600095,abae87ac92835fd7e608fe84155f2dfacfacfe36,-68,448,PKR
3,77-58-28-CB-48-DB,dsturley5l,600051,17ff73bfb8d998376895d0297dcc0029909bdcc5,-54,1032,CNY
2,A1-84-63-56-9C-57,wvairow5m,600041,91671bf01a8c8297a218b4712e00ffe79efbf445,-55,1149,UAH
2,02-66-69-A8-22-72,gkleynen5n,600113,5e684f9a2689a7ae2bd25dcfd98d09c17232924d,-58,802,IDR
3,BB-32-89-9C-CE-30,tkernan5o,600082,07672054ef850db08ca45a9c71198dac6b604b96,-44,137,EUR
1,9F-9D-A3-FD-27-72,mneno5p,600013,c42a4d1708f7a1328ab0e72ba69b27d44c0146a2,-42,452,CNY
3,69-55-90-03-58-53,kcasaccia5q,600011,52681d3c46008350ba16fec3b9c47c2ec630ff6a,-44,978,CNY
3,81-7A-52-3F-F9-4C,hmcelroy5r,600063,35f3f9e3f549869400449c58e072cfbab2007660,-53,822,EUR
2,03-A8-CF-EB-57-94,dglanders5s,600060,2c782c10ded1a407e916d36ba1b9c4dfca6a63f8,-88,307,CNY
1,EB-10-DB-7D-4A-C3,ccurman5t,600087,0e3577633697009696d0d1c66226da137fffe17f,-81,1143,MKD
1,4B-EC-F3-38-C7-30,heastlake5u,600004,5680172eab44104ac44781c3dda17c6097fdc779,-70,674,RUB
3,48-EC-E4-7B-B9-36,rtow5v,600089,f9ed28d76c2adadca471ce02b71811c2fe948a09,-90,605,SEK
1,DB-11-B4-E9-DA-62,teldin5w,600058,c31e69326f1a4229c0f0b34d93c38d23b7313975,-83,724,RUB
3,A7-6E-74-8A-C5-A7,dkyte5x,600067,6fa95a42f6e26f75ac2d11bf3edf71121cb846a1,-83,355,CNY
1,41-F5-3A-DA-45-AE,agilhooly5y,600002,4898836d63fa61b601465d25296ff937d4a78db8,-85,1073,EUR
1,D3-AF-08-67-18-BE,jlangtree5z,600005,4994038f1d78dad74147082bb6c4bff109ab740d,-40,577,SEK
2,4F-44-38-76-58-C7,mshere60,600002,375fe191439d7b5c453ce563fa67f6bad7428e1b,-63,1024,PEN
3,6B-2F-99-4C-1C-FB,jmatschoss61,600028,dec881b4d6ac687a094174dda02a7e3561ff3d46,-69,1031,SEK
1,C8-39-9E-72-4F-22,eblunn62,600099,9daf317ddd2012cd090042b864fb46cd830294b4,-44,541,EUR
1,A3-65-3A-4F-3B-FE,flongmuir63,600086,118cc07f7d89afcb30bfdbc53cc31633d951036e,-75,1089,RUB
2,F6-4B-95-D5-84-D3,jcaudray64,600043,b01b297ad39982c6c5e5c082febc0ab94583a1d7,-44,914,CNY
3,2B-A6-00-AE-B9-EF,tblowick65,600015,a4f439b463a7dc723cd4ff328f36cd5953f5dd72,-44,534,RUB
2,93-02-72-2F-03-81,yjurn66,600089,06f8ea368676f16d9d96bbc856064622610f1100,-77,1145,THB
3,41-9D-23-24-17-71,lgeorgiev67,600037,5b5582b4f156927c6b752e45eb7408b0e053786e,-84,733,EUR
3,6D-50-6E-EC-12-FF,hdoberer68,600119,732d4b32c13af17f173fdfd72c2872a6c2b45a6c,-80,783,CNY
1,39-2E-43-5B-D4-65,ekleinmann69,600013,8b1e74464a90eacc102e74b3ab1ac3eac6db432f,-79,1108,KZT
2,88-B4-66-A4-8B-32,kocosgra6a,600070,cb77ecee1fbc2516459110e8fef93a9389c41daa,-84,1179,NOK
3,C6-13-8A-39-2A-D9,khemphrey6b,600100,25e6f4d9d6194c7c0f652c61d31a9547bbe45cac,-64,1029,PKR
2,10-E7-8D-14-C0-F8,iluxton6c,600076,e0f6d051c4aaa5210274b1559c4e46ba01140031,-90,1101,CNY
1,03-28-77-82-77-1D,npashe6d,600070,12b78696254a705564f4fa7108a2e8e51a3b3382,-77,473,CNY
3,42-7A-39-A3-93-88,sbaynes6e,600031,564dcf74583ba5fda1282b604527fc0ee8d1bb88,-49,438,AUD
3,79-10-75-5D-63-45,hguy6f,600020,16f1f9532b96c8e544836c348c672a0584c0bd36,-88,171,CLP
3,65-2C-DE-56-70-A8,scolbron6g,600093,fc3185b5bc601f9abecc696cd9e9e69d0480a878,-71,871,CNY
2,E3-22-5D-1F-DC-E8,hroseby6h,600108,0a571b22aac1966f8ed5381d1a0eb8f4fd7bea20,-51,574,PHP
3,1C-04-AA-E6-E6-5E,cashdown6i,600067,2e1df40b1cdf789417007231220fa534d5c6f4eb,-71,145,ARS
1,21-FA-2C-64-95-BA,mknivett6j,600045,35556a4a042391c0c71876493741eb7a14ad8f7a,-72,592,RUB
1,56-80-42-FC-E9-44,ohrishchenko6k,600118,ab69acd990ac0935ffa6e978d8877a34ad27d7bf,-50,194,IDR
3,99-CC-01-AE-4D-30,dboundy6l,600049,f3cd3a76ecb57e3d7d9230dbe9651a28588a9756,-64,736,CNY
3,88-A9-32-E8-2D-73,asissel6m,600074,50ab4ebd84344c8a633c21f5b988449475ae8f63,-43,217,AMD
3,76-9C-FD-02-8C-27,kbrinson6n,600015,033c54b00ca6785fdd375812cbbfd296a3994189,-57,298,CAD
3,76-F2-EE-05-7C-09,ddufer6o,600077,a62b309cffd2a05ce3df11259300d26dd1ae8768,-57,196,IDR
2,29-BB-77-DC-C6-62,vtorrance6p,600093,a477cebbb0c179ba771b5b29ea42aee6b69b6c4e,-48,670,IDR
3,4E-EC-56-C0-CC-93,acockrem6q,600098,9bf31001be22cd0892022f7294d81d89532f3a6a,-49,193,EUR
2,4E-0A-65-7A-13-C4,kcabble6r,600041,3a0861e4b3886a97a86bcded9f71d14b345ba257,-78,473,CNY
2,E9-29-65-10-9C-00,salflat6s,600027,5005a5b961c55ce2338e11db966c53e287b89846,-83,491,IDR
2,89-FA-B3-B5-32-C4,bwhitehair6t,600118,b369133392325640e7a0e7856f12ca493597f4f7,-83,303,CZK
3,97-DC-D8-A1-88-1A,cvassall6u,600079,81a42ac9318c7e517f5750ae5148ac7ff7dfa2af,-61,746,USD
3,12-E3-81-05-10-12,bclery6v,600088,4664f4efcdd0f10852721ca8f84618d90c26cd2d,-51,186,RUB
2,05-09-CC-BC-A2-4F,rugolini6w,600068,2438de068b2e3766e96aaf090cc233789b14710f,-57,708,IDR
2,C2-B3-87-31-6C-C1,amarnes6x,600090,caa36c99d40af2c006776b80f619e10c8ff7b3e7,-69,1188,EUR
3,4A-9A-18-B7-74-64,agurdon6y,600077,0acdeced8d6842101f97a3f989780192e6f12869,-86,310,CNY
1,7B-C1-E0-6E-4D-91,kdando6z,600116,7599c6ef09df4fe89c6b125420a5d87a58c3b7fa,-78,1181,UAH
1,8C-34-1F-CA-13-13,skitchener70,600010,dd195a884c7bcb5dfd7d0b3aa745a9b503ef784a,-44,759,EUR
1,FD-0C-D4-4C-1C-57,gcusick71,600042,474b848b22a44d7f108cdbeafaa71b8a457bbf4d,-46,345,CNY
1,35-C1-48-CF-1B-15,ariddiford72,600010,112f64f5033fbbd5dfebf73d7594d0d9cefe99bc,-46,602,EUR
1,02-A3-1D-10-5E-98,okaspar73,600055,f3533b195cdd74b6f7046a596cdab564c1a63263,-73,901,THB
2,A3-B3-AE-39-1C-10,rlanchester74,600101,8ae9429734c9834c114971713a318e21e0cb79d7,-81,438,UAH
2,CD-07-BE-9A-6D-C7,etegeller75,600047,1bf2369474fad67c5c9e4ef180d4e429efcf2f0a,-77,925,PHP
2,FD-0F-8F-CD-65-F8,rschlagman76,600108,48379ee34bf3885a162e814901a283afcc6e4b82,-71,253,PLN
2,43-16-C2-FB-B6-B1,vcheales77,600081,fc484e8d4c94ea40f3ac7fa61d68b43db0cfea25,-69,399,CZK
1,11-B1-20-42-11-34,phoogendorp78,600062,b06d1da4bafd3db168e8415f21a865a04c9dca13,-88,226,JPY
1,DD-2E-57-F8-FB-B4,jroughley79,600015,6400c771cdb9f38398a83363a8605b12136dbff6,-43,1110,YER
2,CC-06-26-EA-1C-0F,mmarchelli7a,600045,c8b20243df54e6ab0936b801783c9976b4ae1089,-56,1148,BRL
1,92-35-9B-AB-F2-71,cblackwell7b,600045,328aed2a22cbf9926cfd6805120d339c672072eb,-69,233,CNY
1,3A-6C-54-8D-DE-77,broof7c,600107,9cafd4d6cf424dfbfb12a55628ac2cbb02cc174e,-61,1131,PHP
2,31-CA-F1-F6-44-2D,cclendening7d,600055,9a82a5f46f1655ded03bc09f238f7a8244d48e4b,-58,707,RSD
1,EF-E3-29-CE-20-CC,snehl7e,600082,9cfbda4596102d63584e475e904f85bea50bf017,-89,1106,IRR
2,94-8A-55-A1-E9-86,jlowle7f,600066,76f838d09da34f5210a38d1e68a9223a72acddd6,-79,114,IDR
2,3E-8A-86-5C-72-D6,lwrixon7g,600001,6377b67055cbefb9e5b707f898f140e93a606374,-76,523,EUR
1,90-14-1A-A9-AD-B1,bphilliphs7h,600040,eb5201181f6fe030201af591d50ff833431e5ea4,-87,820,IDR
2,B5-78-29-18-61-C0,ccanelas7i,600061,6635bba9c0d54838aef2fe9cfbed06eb049bd97b,-62,298,CNY
2,5E-70-42-B5-8E-BE,abouette7j,600043,7d75e20d1d463f1cc5f3128f187399ceebec01ab,-68,1120,CNY
1,4E-02-63-B7-92-1F,eollington7k,600048,dddf13adc1d3847a154bda89b5d57d45815599e5,-80,645,CNY
3,14-3C-4A-64-5F-DD,bnann7l,600058,d4a4088e39c88d313227cc0952e46168972d6bc9,-43,424,BYR
1,96-FC-60-CA-F2-14,mnucciotti7m,600014,2254fae260a8a23f4544f3d3e6ead0ac1182854e,-48,594,GHS
3,2B-69-45-84-26-65,aoxtiby7n,600026,d572afa82bf5b505767546e7a7a245521573e094,-54,856,EUR
2,02-6A-6B-CD-EA-D4,bitzchaky7o,600083,b4843c6e0be4aea812d806557a88b07f4bdc1e86,-76,424,IDR
1,D2-0B-9E-40-0F-25,mmorena7p,600000,cd1ce082432eb2f1ff984978a06aa3fbc15e3a92,-70,884,ILS
2,F6-7E-6D-B0-F2-9E,hbeton7q,600001,80f1fa97200229265c895a6909a73e652e0165db,-82,983,RUB
1,02-21-58-BA-83-6A,bgelland7r,600037,b74d365e9006c984c49d7ead3d4a03493e309dc2,-56,478,CNY
1,81-19-22-0F-56-C5,routerbridge7s,600113,e14c368982fad19271c35f7564bbc9a646185d55,-79,266,CNY
1,A2-AA-4A-82-19-80,svanyashin7t,600040,6def2e5d0d91e7a4ee958f14119c474fcbc74591,-61,1045,VND
3,F0-21-48-2D-49-A6,wrichardeau7u,600101,d8d51dbe0282b9ed0012230cf1cedcea24db63cb,-56,1062,ARS
2,E7-8A-8B-48-8F-49,gkeedy7v,600031,e38afe5ac3ce5b042d852fe981f5aead5a5c0423,-71,1160,XOF
2,8B-3C-01-6E-C6-8B,aaust7w,600039,489aaa903c619f9e59b6180500cf62eeb2fc55b9,-75,1130,CNY
1,8A-5F-01-2D-A4-B4,lbode7x,600080,83dfc30f0c3b1ebcf43e885c4c93b62592decabd,-83,198,PHP
2,7E-CA-3F-F4-2A-DD,relliker7y,600097,cc09887e80a63fb3610f402ce90b0ed86be387b0,-72,331,EUR
3,46-AD-A4-37-53-CB,eplaschke7z,600016,0cebc29c93fe0577db4c96fa3ffdee90e859249f,-59,190,UGX
1,88-12-F7-2D-5A-30,adavidai80,600039,176bf2d11d540ffa7a802d20fe10a946e4a3dd81,-80,1093,CNY
2,5C-E2-D1-13-00-23,cgrevel81,600064,89dfb1636d36876d10c9aee1b4e6687a525888ac,-90,110,IDR
3,8C-21-B4-99-91-37,gblindermann82,600043,225e7a655aec26c7f8875a6dc0dba60304442929,-78,1113,EUR
1,5C-D4-FE-BC-C9-EF,aowain83,600001,6df8b90e48d2a8616813d04b92e7883d694a361d,-66,115,BRL
1,8B-7A-5A-D0-1A-CB,ibliben84,600106,7f5d162e248690c7782a5ca36a814f773d546acf,-62,878,LSL
1,A3-2B-FA-24-14-16,mfruin85,600096,956c06cc764c0629e2f63d328167de11384bc4a2,-66,874,EUR
3,7A-B9-0B-7C-4F-B9,tepinay86,600013,640ad27e3c5a37570af22eccd3f1e23ba81e3fc2,-81,684,IDR
3,AD-A9-F1-5C-94-3F,mousley87,600020,588ebc41fc895455255d83569dc6ebe7f02ee8d0,-72,685,USD
1,BC-E0-B2-F2-69-EE,whoff88,600085,3981001c20e6ecbdd8e072b1053466de18ee4ff7,-52,1042,PLN
3,BF-51-8D-7C-CB-46,kperkins89,600040,d1ec7e850d4996dd3c0e696db646d90d7a93121f,-83,536,HRK
1,39-97-84-35-2D-B2,tbenbrick8a,600039,5851b0a472c140642ae0cfbc072cf8db3c8eb1be,-83,149,CNY
3,D8-F7-F4-37-E5-68,dcrus8b,600035,ad03a8ab7842402c7f335f56c2bebeb10bcf29ce,-44,653,BRL
3,9D-60-50-0F-FA-FA,shalligan8c,600104,22b9b6e9841b3e68b99e861424585c42ad858b2a,-83,310,VND
3,9A-FB-E7-70-C5-A6,dkibbe8d,600041,22171d051ce54f468274dc1ed774a8d3af2231e2,-50,530,EUR
1,DA-D3-B4-4C-BE-0A,pmowles8e,600004,9e07c765513c1ded20d5f18f9bcf1e896ae1c7a0,-68,843,OMR
1,9F-4A-9C-E3-EC-9C,lguyer8f,600086,e1ae3cb1b6e39f4de394eff36d4adf3e083196d0,-79,1042,ARS
2,6F-99-45-9A-0F-CF,nsellars8g,600068,05b2411a7f6c514e14d076e397fa6ec695e18fed,-47,729,PEN
1,72-81-DA-14-75-C1,imicklewicz8h,600096,7ebed195e1239a36548e17ed69a918ca36ac514d,-63,841,MYR
3,D2-E8-ED-B5-07-40,atrahair8i,600106,5f0f1a8e277d442ed304ad60871b0cf5077dacdf,-56,1123,MXN
3,97-F5-11-A7-A5-BC,hearp8j,600004,8d867aaf2889b20159dd55b33a91a5f8a5676637,-78,1072,DJF
3,FA-0B-86-26-92-AB,ayarnell8k,600092,f95481585653c6204075c87e422b937f986630ca,-46,1174,IDR
2,AE-B8-C0-A5-9F-90,fpeyes8l,600001,ef681e44794badf0ff6906b24eee5e0bcfd51d9d,-45,467,PLN
2,96-C2-AB-59-96-8B,dstratley8m,600023,a89b072bf5926d9b8fd02aab59973b2976ad15fb,-89,591,IRR
3,C4-11-78-AD-F3-02,ogudyer8n,600035,d8c39fdf01d25a747d731f8f2eed15fa229d20ec,-60,1167,PHP
3,6B-33-F2-8F-1D-87,ejacquemard8o,600030,4bca7e11e6af14876705c31837dfd3874b522422,-44,729,PLN
3,83-E3-E0-8B-57-2E,bperree8p,600094,81be13f7a81d93d9facff219cf4a9f74f8fd3505,-67,503,JPY
3,DC-50-D4-75-11-C5,mroe8q,600004,2a661e8b718b1c91f43e20a614e05db60e6bb174,-85,265,MNT
3,1B-FC-0C-ED-0E-5D,mbettesworth8r,600102,5af3920d5fa3917890af1041eca9d408507166aa,-77,272,ARS
2,3B-C2-DD-46-F0-18,rmaghull8s,600106,b828d63bed330a08a0c326161451a3fbd34e8cf0,-63,798,BRL
2,45-B5-C0-E1-94-6D,wnaylor8t,600056,cd62f52278681d1e8292bc368fb4f1944a04e050,-88,423,IDR
1,0A-43-4B-1E-B7-3C,vcaudell8u,600002,4ce1e158b1ba210916d0d9d3d019b2c3cb416772,-68,795,EUR
2,AC-F7-55-AE-A8-09,jlindback8v,600006,96173db3f97ecadb39a56b2091a917d9e6eadf48,-86,966,EUR
2,B8-FB-6B-D2-C1-24,lghion8w,600062,0a67de9cf0b3afcd42c7a8f02f8e1e14e2abb99f,-44,525,MXN
3,FD-72-0C-44-5D-3E,bbenwell8x,600108,a9c50c1ada77434f3cd9b5142f0e24c4ab1157d3,-79,554,VND
2,D0-E4-20-BA-C0-52,lcaplan8y,600099,1149bf6afaf1fc9908422f88c02831e90febe3c3,-67,1048,CNY
1,FC-5F-CC-80-F2-97,lstoggles8z,600117,712c625ee54b6a00e520c02f231d4071885e4ebb,-65,1017,PEN
3,73-2F-BB-FC-E5-E1,vnott90,600044,120b4506a261a56c2cac8b41154cf40ae06972b4,-72,210,EUR
3,FB-8B-0F-AF-B0-CA,efelgate91,600119,20bff3ff80842e4a5d59bb473a6a5c7c811848f8,-47,361,EUR
2,96-2E-22-BC-64-B0,obarrand92,600116,241dc6a7710c203d3508d636569d66e9261ad35a,-87,790,DKK
2,A7-C0-34-2F-08-DB,rkeats93,600002,5046d35486862ae6f5d5fc4ccd0ce049fbe1c76d,-43,113,RSD
1,C8-C6-B5-A8-43-46,lakers94,600076,b54df502e3391464016d2677009627dcfbfe6f02,-53,753,EUR
2,EE-AB-2B-FE-AA-51,dnorcop95,600073,17117d145d598a62e206cdda28f7d9eb16da3adb,-54,807,MXN
1,14-85-10-78-F3-C7,scochet96,600101,f42a0e394f956f0cff124dd476b9aa4748dc67b6,-51,1069,EUR
1,5B-5B-D4-47-DE-9B,amerryweather97,600068,f838b53c11f41099d2d0cb065052aaf43c64405f,-50,333,ILS
1,9C-D4-4C-CD-D8-F4,ktregent98,600049,ff47c5eecd60549c2fc3c72d2f753bc7f8fec49c,-74,1043,CNY
2,17-9B-37-97-79-C5,smosedill99,600115,d8a4e6bd0a554661007cd39906e828213bf8cac7,-57,460,RUB
2,88-C7-0B-0C-ED-53,nragsdale9a,600055,cd5121c7e40c890a1d55323fe2477303d9132408,-70,870,THB
1,6F-D5-89-B5-94-86,vdakin9b,600082,36a2178685146f93692124c5074320d99675e164,-47,273,MXN
3,52-15-9E-7A-8C-AE,bstanway9c,600066,47d6dd23595f641471a76c931c06a6688c670762,-81,464,CNY
1,51-B7-A4-52-FB-C9,mbreydin9d,600038,ee835f59af9e4eef4c36f6efea78f179df710121,-47,704,RUB
2,6A-3B-11-30-A5-2C,btuvey9e,600015,47106f00873153410e036f5eeac5d1c4cad21a6e,-59,532,EUR
2,7E-69-43-F0-59-3A,ccrole9f,600002,fa9e164b9109a2e3112b330e401fa3a8f57cf195,-40,199,CZK
2,A3-7F-3A-82-A9-E5,mcarrabot9g,600056,856e381793f1e03a38ea2e6bcc0ebaaac5457a03,-47,143,RUB
3,FA-15-4F-C2-53-E4,pcrosswaite9h,600043,c35888563ff6e1f979e5b14f2238b24961fdec94,-43,1194,PHP
3,A5-9C-78-8B-8F-0C,creijmers9i,600073,36d0770a135924ba222409e9f5697de4139c763b,-41,328,IDR
1,7F-BD-6A-49-61-D5,lbaylie9j,600057,ba4100744dba0cd6bb84829c76629bcf0179dd69,-44,1067,IDR
3,8B-34-54-41-17-61,bbrackstone9k,600088,f093bf405d4d292d86ac3786b88aab7a3332ea38,-70,539,PLN
3,8B-F6-36-CA-6A-56,vjuschka9l,600046,731715827821765bea11a40fafb0c1f59c8cb434,-88,731,CNY
1,52-17-D3-6E-04-49,vwinterson9m,600071,5ee6a696794bd7aace46802c960806c87b5022c2,-79,936,HRK
2,47-DF-3D-CC-EA-FC,bblazic9n,600058,69ae8848fe73ea1ec53fb41fd7ad67b451d335d7,-57,768,CNY
2,4F-9F-9B-46-DB-F4,bcorcoran9o,600025,fc90ef0e7c76f1ba5336cf834953f8715ac46703,-77,734,UAH
3,57-BE-F3-F6-57-D6,dwhorlow9p,600085,8ab5f67d8ab4b2d580ff1dce7ac1d0799606d351,-84,792,SYP
1,17-B7-FC-DB-A3-20,syanukhin9q,600062,8f3693c3eca86e1040a46895cde19fcfebe278cf,-80,656,CNY
1,92-23-30-F4-C9-E0,lkynd9r,600056,a9c9ab5a4470ce1667815decd9f5231bab40ac60,-81,1160,ILS
3,A8-16-96-61-D2-C7,npynn9s,600016,211ab32c3ee6409d60b34b59b269f97d7e271f71,-56,1179,CNY
3,38-1E-2D-7E-65-D2,vobrian9t,600103,da961487e57bdcafdaf15d714da185cda1e25078,-86,919,EUR
3,3B-D4-11-10-7C-BC,sbrick9u,600068,9053caebbb295d52a1781cb703f1586d302f1dbc,-59,1089,RUB
1,82-5C-B7-DC-D9-0F,fbuckam9v,600013,af9470e21cd30c7200a9126fdc86ff3e273435f8,-76,195,PEN
2,AF-80-68-E4-33-80,lmoule9w,600012,fdc3b2db6933e39b396f7c730bd6854649f78039,-46,1048,CNY
3,E9-7B-C5-C5-37-53,cthrasher9x,600104,f95503006dae993778d495b26b886b03caad00dd,-50,196,CNY
3,20-C5-7E-A0-CD-F4,praggles9y,600116,7f9cc17607753af03b32fb8b1887648545dc781c,-53,1032,BOB
1,76-4F-EE-8E-99-07,rfutcher9z,600061,2c1d5a15d82b784305957e22dab5760141cd0ce5,-85,956,BDT
1,8C-DE-4C-88-DD-3F,ihariota0,600006,484fa012f7732f31d4323e8c69b0e4e11b11e0ab,-50,1037,USD
1,AE-A3-F2-9C-24-5D,vsodorya1,600047,9f09825132c93165f79a85fff3146b912f84eae3,-49,848,PLN
2,B1-83-6D-9A-21-46,itoralda2,600073,5089fe4f02188c376361eafb9807219a582d8d05,-69,880,IRR
2,D3-BD-61-58-76-85,pfridlingtona3,600096,0f4ae3234a1937f28958dd348edba91bf9f490e3,-56,400,PHP
3,D3-3C-2B-E0-C2-A4,grickerta4,600060,a21466245dc8dac98dbb678bc3188342607fa16f,-74,665,BRL
1,8A-49-8F-9A-B1-35,rhamea5,600063,77aa9168b6675987755d743ee70a51ea309e4076,-40,1118,EUR
3,F8-E9-72-DB-10-25,lgarthshorea6,600085,fe894a5de6b860ec2f9c343c4d39ea2fb2f48049,-69,1026,EUR
1,EA-E7-F7-14-24-41,rarnholtza7,600034,5f8581fa1881337954f89745513534e46098a5d8,-84,527,USD
3,38-15-22-52-BE-5C,vcoupara8,600027,4262368f6722ef032b0de6591ec8658992c3c0cc,-54,626,AZN
1,B9-DE-F6-42-53-A6,pstodda9,600010,4031cf1f09f148412105cd85a27538c1f646af65,-79,426,UAH
1,BB-18-4C-79-11-BA,bcapstakeaa,600041,b3226faf8c67ab1817dfda92b4b6c86fc0323df4,-74,207,SEK
2,8C-80-ED-1F-D4-DF,gpetrasab,600026,c19e7305d308bbc124de7b05a38d8ade9fe77bc2,-87,781,BGN
3,5D-AA-D5-7A-AE-5D,kdoileyac,600104,b0cc5c14b9beb3850ba8225da4963d63dd20e645,-85,432,NIO
3,3E-42-7E-D2-B4-1A,kdeenerad,600110,3757433e88106788a2a42643837ad71ee71d3742,-57,269,USD
1,1E-74-CE-ED-E2-D6,fedscerae,600030,7978c0dedd52fedc8346ccdbf5bf68d023ccc4e6,-56,544,PYG
1,ED-A3-CB-49-2A-76,gridesaf,600013,c476ff6b552baa3c9c8b4013b083bc87ef561171,-90,1129,IDR
3,C0-F6-F4-47-FA-D4,mtonkinsonag,600002,9a4784675be256a7608b3a5153a7db19e8480364,-55,414,CNY
3,44-4E-79-2A-15-B1,araddenburyah,600007,510e050116a9def001c878f60494b60dbf3158e4,-81,634,AMD
3,97-F1-7E-87-78-AB,dwileyai,600059,f98e5d06473b37f85a2fe5a87d13dad8d92e707c,-84,566,BRL
3,FD-8A-7D-3A-E4-5D,dcastanaresaj,600057,48d616553ce64c82cf5dc25fdd3d41f321bed240,-54,922,RUB
1,7A-D8-E6-50-E8-E9,fgodbaldak,600077,16ec0a6a188a2bde07b856ee7158c53558fe46d7,-49,421,CNY
3,F4-DF-BB-03-A6-3A,crosbothamal,600119,fff0c38373a358f6413925e859c8abf469afdf00,-52,706,BRL
1,0A-C9-0B-A4-A7-C9,alaughnanam,600073,44ee13e8622ae4f5e662fed985b9bbeb70bffc03,-77,709,USD
3,D7-15-B1-E5-EA-84,sebbersan,600099,586dcb30a7e080d65c8ab3f87fd820926db54765,-52,282,PHP
1,CB-CC-63-F0-FC-F1,ehaslegraveao,600010,1d1cc80fe6781a336b2a964b994a7fab74507033,-79,457,VEF
3,07-3A-47-61-4F-83,mogianyap,600006,c468b685d8f4096d60a39268ac3f14e42bd989e1,-86,1077,IDR
1,A8-6E-3A-CD-17-13,tdumphyaq,600097,13751988a5d0a515c8a6d1b470830145fccb7cf5,-79,1119,EUR
2,19-CE-03-5A-F8-DB,dburnupar,600029,7e5356109eba9427929e609e9a9050be8ecf3d8d,-88,287,CNY
3,36-D7-DE-F3-E2-3C,mcostenas,600100,6444759d005f1062dc2883e238facc4443e1d967,-69,689,CZK
3,66-4C-CE-98-F7-E3,ljanjicat,600078,f32d53742e9898dbbac0ed9b6a71b997f9f15595,-88,1179,CZK
2,F8-6A-A1-87-E3-4D,nbeaumontau,600062,a1164b6421354c407e0b30e8acc2babe42b8689f,-83,463,MXN
3,31-BF-95-4E-BE-B9,jmcareeav,600005,a0facdbba48f5ac826db9b5ff86425e91d404f53,-89,184,PHP
2,03-41-75-A4-DC-79,sbarnwallaw,600100,42b3745f4ca6d4a19969391bca5733e2e4554fdb,-71,205,RUB
1,77-AF-60-E3-63-AD,skenealyax,600070,54c55e874b0f08e3efbff549b9e96b406d5cbc01,-81,805,BDT
1,4D-1A-62-85-68-D0,keateay,600114,d573513651c88bc451de398c4f41a885f87fe026,-70,1019,USD
3,FA-A5-4D-1A-05-00,kgreceaz,600054,3d91a3013b452e77f4e7c2a88520f1afea5fb0fa,-55,178,PHP
1,A5-BD-2D-ED-6C-0F,asankeyb0,600114,4d8411a0508152b045b4f1c0c80f910296619b1b,-52,664,CNY
1,9D-9D-DF-8D-D8-1E,bbernardinellib1,600011,a914f03b8579d6bc28f578c4029a6c4e5981f0d4,-51,660,MXN
2,84-07-90-5F-A0-B1,dhouseagob2,600080,3f396ecc728ed1d831c52b7127149aa9a0c895bf,-45,565,EUR
2,94-98-CF-9A-D3-08,ccliveb3,600120,66d1790690d0b338ed4c93be467cfcdaf494ee8a,-61,472,USD
1,3B-45-E8-BC-02-25,cambrusb4,600069,1a701622d4712b12bdd6617bcefa81b4eb6f8c61,-41,480,EUR
1,1C-6A-58-29-4D-45,ghargb5,600069,7cdbb3cc6742bd60dbfde08c49678738f89dc6b2,-48,706,RUB
2,1D-93-1A-C1-B0-2A,fhobbenb6,600098,1f1be5fc24f1fc03b7a3ca5499f094461600ab56,-74,870,CNY
2,9F-A7-05-9C-34-18,xfranzb7,600097,5ec2cd68951ae7f4019ce2212b0aa3b28ce77e20,-47,728,IDR
1,0D-2B-6C-95-1B-27,roffillb8,600049,76525e2e17eb7a37da93eccbd60315239623ddba,-72,201,YER
1,E0-A6-3F-73-8F-1A,rseeborneb9,600101,19dec8b96311ccb9e10029dd3ff5f1d7cc74d6ec,-63,355,EUR
2,A9-04-73-05-05-F7,aheffordeba,600003,eadb31d32c738086254aa92cc39c79821c25b2bb,-63,1099,EUR
1,73-2E-6A-C3-DA-7B,svisickbb,600065,f417d2ca92528c2153e11640d1a8bf4fe36fde60,-61,1051,AFN
1,15-8E-D3-E5-43-1B,aquickbc,600093,6d84ab9fe51650f9a917893ae88df4cc7dab497b,-90,615,SEK
3,4D-79-52-A6-29-87,sstantonbd,600094,3022d1f964f673839df2016ffae4d858a5968819,-53,1113,IDR
3,75-CF-D4-FA-60-BD,mhavilebe,600069,c26d37c01ddd3cf930f341531e397d4f528caf19,-85,618,ARS
3,D6-76-87-22-FC-FF,glabdenbf,600011,96e5c49719451814fe505c156ba799ee74766eb5,-46,831,MDL
1,DC-4E-BC-13-26-A2,ewhicherbg,600006,5c111cd6ce7b3aaac6f5223db5e20224680009b9,-58,852,ALL
2,40-55-52-CD-E7-32,dtreleasebh,600068,af693ffde2b65b36df3c6b8543f2949f328ca4b3,-53,729,PLN
3,D2-DE-F9-62-B2-ED,rmurkusbi,600030,e50c8e380f247501571837c3f8aad1259073f06b,-89,1138,BRL
1,42-4C-C3-F7-D5-62,ylehrianbj,600034,6c326f8a6341a4be5eeb8cc7f392de6288f8c2ef,-56,453,ZWL
1,D1-0F-28-C1-82-DB,ghazelbybk,600019,2222983c98a115cd3c196b832f568176d1e6d559,-60,810,BRL
1,42-2F-23-EB-C8-11,csilmonbl,600107,c6b483232c469b89ca10cf1b7de8c110a02fb1a3,-67,799,EUR
3,A8-33-B3-70-66-79,csamwysebm,600082,9f3dad6edd3bb0768a91250976f94f01a1b5fbce,-61,619,RUB
3,C4-90-18-7E-8B-7B,nkreutzerbn,600080,9a4abb4760318c185c8bc35908fd03ef4e449d43,-84,948,CNY
3,0F-F9-AF-FE-F9-9C,hrenishbo,600087,84199d27b5b033d02d0c90fdd83b6fd62eb44e43,-58,256,PHP
1,B4-63-31-25-11-0E,wsoppethbp,600015,84541b0c2ba84eda4d2b75cd8e6e5b8313ce00f3,-46,358,XOF
1,59-8B-0D-0F-31-E2,mgorickbq,600095,79f139b4841c9293335c9f70838d4c973205f48e,-61,788,CNY
3,1B-DE-DB-6C-06-BD,kraspinbr,600013,f6be8484e6bb0f02f8bd168f9246cb234c6db207,-68,608,IDR
1,B8-D8-63-F2-67-67,beskriettbs,600018,f2a1218e52f7bbfb09a6361fe8ec6096c721687a,-72,743,CNY
3,F1-54-C0-D5-14-47,kjanovskybt,600097,1e8886dd52cbf7aede623f63faf6050a48d900cc,-90,1177,EUR
2,6B-B7-BF-84-18-E3,dpietribu,600055,3f2dd370814a4906764303db29fba33bc84eb264,-67,131,CNY
1,36-7C-82-0A-FB-F5,tmerrettbv,600024,165c699eb63caea005906eef85cd6f68ca4033df,-87,401,XPF
2,0C-AF-5D-05-3F-72,gdyballbw,600036,1b3daaa7f42414bb36dc215ed33b00cb4547db9e,-57,1070,ARS
1,3C-9F-12-CF-F8-61,jleahairbx,600048,14b67f66c41a8acd371da507f8f6e19d974d825f,-40,548,RUB
1,4A-A5-DB-CC-FA-6D,kdebleby,600025,8c6b52aaf996e93adeecac927c3f30bbb232495d,-67,221,OMR
3,F6-5E-67-68-D6-8E,gbussonbz,600094,8069c4a7a6232deeceeb52dd69a4d7432fb42077,-40,464,PLN
1,F5-44-12-AD-8C-0A,nwormanc0,600116,e24656a0a30c903ec9ce47839bea1920b905403a,-45,325,PLN
1,60-A0-BD-08-C0-69,hguyanc1,600002,c62aa2e539cdce6777a6ae0a5b05aacccacf862f,-74,295,PLN
3,9C-F9-E4-89-85-29,aspurginc2,600119,0d3910acfe1cb7d74c714bf61b47ac8d13f95c5e,-84,943,CNY
3,91-0D-E2-EE-05-46,ssavinc3,600031,f3143cc7e9e6b6eca6a3d7ba9ce38d500f5b82c2,-52,491,RUB
3,9C-4C-F8-D1-D0-E3,trablanc4,600058,991e575852e35b640a4ac3d01ff2e7fc0bb26d9c,-74,414,ILS
2,EB-62-BA-CB-7B-4F,rparsonsc5,600112,4e5fc05056cf8ae540e29d391d18bd5e1e402d4d,-72,611,PHP
1,20-F5-1A-99-69-43,aradkic6,600025,4b6eb302ea958a15f48dfe90fa34d6db3cc6fd29,-83,1047,AMD
1,48-48-C3-D9-04-65,dcollissonc7,600018,6a8a9f71507f2177360163e55a8f472005834552,-42,703,UAH
2,C4-05-D4-66-A4-F7,sparsonagec8,600082,5f4aeae2daca843deb586519c270b8c2ef82f9c6,-88,380,RUB
2,BA-5E-8B-52-E6-7C,hhoxeyc9,600098,62961f09dada172937d4d99c1ca9475a65ab29e0,-47,874,IDR
1,45-93-15-8D-8B-9E,cmapholmca,600069,047456071b24586831a07fbeae11bf506d9f2875,-54,572,TZS
1,0E-71-6B-FF-8D-BA,nraynhamcb,600090,ac8f867d219af81b0ad925a39e69cde8b747b682,-61,491,EUR
2,D4-96-B5-15-F1-EF,sflohardcc,600047,6807ad4cb50eb1809df2bba20a4044d873363681,-42,934,XOF
3,86-98-68-89-7D-38,bmacgillaverycd,600075,2f243e25ec8b56d6f0da13b5785038f03aaad524,-46,924,BRL
1,75-A2-49-B6-E0-A8,dbaldickce,600058,853e311b8236968f2ae270a991924654a213f0ae,-81,332,ARS
3,B5-A7-EC-1D-6F-01,carmorcf,600015,a15b291d425e149bab867c293f8b024ec62130f2,-66,1070,IDR
3,4A-81-7E-99-14-7B,mskittrealcg,600107,9f06c82dcf620dafbd571270f7bf9d8235dafb66,-53,741,EUR
3,45-59-6A-C2-A8-56,sscarlinch,600003,0331037cbbdcb97849ec0365ee1aef6981723403,-87,1027,RUB
3,7E-B6-55-6A-26-D3,ecoathupci,600027,b9c872768ce738ee5c69b0cca77b8ee4a11bbd17,-74,1040,SEK
3,23-54-8A-13-63-CD,sdrohancj,600044,a6a4dc7d5cdd56ad08e47bf8c93153c69d710fe9,-73,563,CNY
2,71-3C-41-8F-4B-94,wruggsck,600115,5c27451fe507d4eb48fd3c93d1404dcb27242276,-40,802,CNY
2,BC-B2-B9-1A-14-E1,wpoylecl,600105,3085cc68bcfc5af53e769acf1049e180afe070ec,-57,599,IDR
2,D5-DC-F3-E1-37-A8,lcasellicm,600042,bdb5ae91ef506248cf6bcbfe8fd5d7ef13121539,-42,350,KRW
1,51-0F-88-3C-F3-6B,dwedlakecn,600119,2042b57605b3e9176c1dc728fe989bc148a871e3,-79,314,AZN
3,A3-36-24-27-12-05,acatterickco,600049,a57d717a00528bf5d4d7342b1899528f75fdd99d,-77,297,CDF
1,97-AF-22-96-94-CC,fbattillcp,600106,27ca949365a1e8ab3a0e88d35d3ba8e4c80cfa6c,-73,316,ILS
1,DB-1E-9C-41-0C-F8,fforesightcq,600086,a6ca946b045917fdff11c2605923a83c962063dd,-90,601,IDR
1,24-69-E7-82-B6-57,judencr,600084,7fb5735510b19037322532055eec67aa386bbd61,-54,648,EUR
3,4F-82-BC-6C-AB-EC,kquiddingtoncs,600054,516a50215f8450b4482c05baf3f992246ed4f843,-60,1002,MXN
3,CF-60-6C-57-9E-47,dbolingbrokect,600012,9f97cba904bdc88ec15636077646cf2c59001c73,-46,876,IDR
3,6B-1E-04-9A-C9-8B,adunstancu,600095,0baa7eb9d3c0fc4a09d8548b8fc4e5797143cc10,-80,322,VND
1,70-D4-48-DA-0A-BA,gloraincv,600090,4c2b425f8f3fd418ae293c6ffb1c1995edc9c2df,-79,200,RUB
2,19-4C-03-05-EF-07,froddickcw,600046,e90531f548847c2efd6e39387d9b38cfa2e64274,-80,1142,BRL
3,C6-C1-EE-D4-82-EF,ahellincx,600073,9e1c59fc9e94d194736e15c9a4b9e9d833fc3afe,-90,320,CNY
1,54-48-03-46-12-4F,hlongfellowcy,600089,3b207958f57784a1c2e21cd880f8126bd2b059b9,-55,463,ARS
3,AD-9A-3A-70-F4-1D,ejordisoncz,600059,63aa5a2ef09aaedb02f50a3a7d0ff0d487d2d874,-55,139,HRK
3,01-E9-F4-DD-BF-47,belsbyd0,600019,a2164c80172ad414163dc9acb15771d264312d34,-52,462,RUB
2,69-1C-E1-23-96-99,rhaversd1,600045,66fe0c8876d578e8dab6fbd1f7886197c811dbce,-43,417,IDR
2,35-7D-67-F7-3E-66,tmolesd2,600011,6f9a901cd032c9465a8d7cd559fba3ddf2c228cd,-90,505,THB
2,E9-2A-5A-2B-0A-FE,asmorfitd3,600102,80d9e1f358bcffab232383c53beb24cdafba16e8,-40,992,USD
3,C2-1F-A1-A0-3F-AD,cdillicated4,600053,2ff67d28ac0f2d5dcc011818e822c3588256e383,-65,181,RUB
3,02-34-8A-20-0D-52,fambrosonid5,600115,6f16642c00ab85041d8e5dc3f39078ee1671fee8,-83,1078,IDR
2,4B-B2-F7-36-71-36,nyated6,600044,1c5179ff8b342bc8cb4764019bf73e6de3188186,-84,472,CNY
2,4B-43-C3-48-7D-84,iallingtond7,600000,de2370f11d289ecefe0ee2caa5d59ce6e3e97360,-86,139,USD
2,F8-4E-2D-1E-9C-05,cdelythd8,600056,4e71f167a42c785001de83eac832d295e6339faa,-64,120,IDR
2,27-68-EC-B7-4E-C5,mgiggsd9,600028,0cf80b8ea7b5dc94bd7a7c2da357bf4a62b87515,-62,1178,CNY
3,FB-12-E0-CC-BC-5B,rleymanda,600099,bf5809e47bb7643414640dd787935d1104f1143c,-77,448,KZT
3,89-74-5B-24-3A-F5,lashtonhurstdb,600108,2ad314a4fa319f19d253a59dcfd3a47bd5975102,-55,971,PLN
3,20-03-34-2C-7E-B1,tfarrantsdc,600101,08135f3005b39a5f0ccdad2e08bb307910a7942c,-54,340,PEN
1,80-24-34-51-8E-05,gsimpkindd,600058,4832038fa938e889e6bad515c1a6f31926310fba,-79,259,CNY
2,C8-53-D7-E2-D0-3C,czemlerde,600010,4d9fd0810225f03a5899a00096c0b4a45b4bba80,-72,388,EUR
1,E0-BB-F0-2C-EF-69,sreinersdf,600076,452a8b1de33e6c19ef8ebd4a8e2553084c9af67d,-66,512,EUR
3,10-9A-A0-08-E7-CC,ggodaindg,600002,3772574aa91c2a10dc61d9195b7efdf6a66dbfdd,-55,559,CNY
1,01-8C-6B-48-F5-02,rgulliverdh,600050,51bff57cea0ee3a1d379e2ae3cf0a064cc0ad9fc,-56,434,CNY
2,72-6D-F9-BA-BC-3E,mcurreydi,600097,6f09bde7d55f5fa3b31829d2e61513df4fd9db9f,-82,927,BRL
2,DA-2C-71-56-52-38,dstreetingdj,600085,b003d3e20b5bb16ebd2db34af1d0ea2df3a282ba,-58,1036,IDR
1,75-B9-9A-A5-50-EB,schopydk,600061,b559ac9a1a2cf4adaf8b7398cb9aaa99490c4047,-53,926,IDR
1,FF-C4-EF-07-DE-F4,ewaldiedl,600071,f1ab606c58d4949581827aa8d7c55d7e3330880f,-57,911,ILS
2,AE-DB-19-77-D1-17,cpallentdm,600011,b89425334a71361a671692e8cd2649902bed6580,-55,501,BAM
3,34-E8-A4-0B-AC-AE,sjamesondn,600088,724f0f51e4034d8b70b1a6686bfd2134189e4768,-41,743,EUR
3,9C-C3-30-20-A0-26,bbrigginshawdo,600032,4860e0e5587b9f76d4c2481c8cd8ee017849b244,-62,823,CNY
1,D3-9B-A2-D5-EA-89,spettiwarddp,600016,ea0482dec5894a1047e48c81f5c7958e34312492,-80,381,EUR
2,2F-64-91-A1-B7-23,wattestonedq,600009,5c6e33f3af7eaed13cb8953a3c254cadfeb9eb1d,-87,214,XOF
3,F4-B3-52-F5-31-C1,gcookleydr,600095,eb8870101136d5fec75597747d4b3a3ef9693654,-44,787,SAR
2,A7-FA-D9-F1-F4-08,iingerfieldds,600004,3c6bc7cbdaf654c774dd30044b119f5fb3115f2e,-90,495,EUR
3,66-4E-3F-CC-C1-BD,cgoldwaterdt,600069,785826a5978dc508f8662cd694f5469fc576ec1f,-58,433,CNY
1,C2-DB-D6-9A-B6-9A,hwandlessdu,600049,b0753cbd3fdf6d8d8853212894939f63dadde132,-53,145,KMF
1,6D-AA-36-86-1F-9B,dcorsellesdv,600119,168d137591c51263671fac44eb78f2e24f48c010,-85,110,CNY
1,F6-45-FF-E9-EF-B3,tseiddw,600090,a01af32fa59eeb12abadb5af56c59f9851d71f8d,-73,1020,CZK
3,DB-62-0E-F1-B3-8D,ataphousedx,600116,9ec0339efa3dbdde8d039553f941ef244acb632a,-78,850,IDR
2,05-6F-2B-C8-27-66,kantaldy,600004,446715dd09f21dcc3ba6fee526d6b093a0a0f1e4,-65,928,IRR
1,0A-A9-ED-EF-28-CC,dgilbeydz,600010,6a228286effa45bff4cd7fa631aa67ff1ec278e1,-43,1197,PLN
3,C0-81-CB-F0-B1-3F,onorcliffee0,600074,71a8d1a1477975ea567a86d0c114f8834606c383,-43,628,EUR
1,72-D4-C3-C8-8B-82,tmogere1,600109,46da806eaeffc2423cbd23987e1593ac2dd1c0ec,-42,547,MGA
3,FA-B9-BF-B8-4E-FB,schittime2,600068,abbddb9afb2bec792e4a89588763a00618c482c3,-68,1003,BYR
3,CF-DF-18-0F-4E-4F,kaudsleye3,600107,cb49384ad410a03441befb5fb1ca38b3d34745fa,-75,941,CNY
2,7D-E0-34-D5-B2-99,ckarolye4,600081,7995ffd254357132ed374e9215f3609f0702bed1,-44,594,IRR
3,ED-D1-A3-A6-C6-C6,mraine5,600027,056e1fcf7fde908928f38d6c202beae75995f6a8,-83,1022,ARS
2,DB-4E-B5-C6-11-F1,dennevere6,600089,10b5413db92a656fad8a5a803ebb3b39c5ec4088,-65,1180,RUB
2,0F-47-78-F6-8D-70,clomathe7,600114,5682ade9754514ade1c0f632ba6d8cda2d239b8c,-83,145,COP
3,E1-A6-34-41-51-B1,rtumbridgee8,600030,6b90f7addb1d65b8f8bbbc39f305cd8c1663d4bd,-42,227,EUR
2,BF-36-82-15-A0-98,acarnee9,600056,09cea1f5dc9f1b0b14bd2ea95aa546327da0a7cc,-47,254,EUR
3,CB-A7-01-80-85-4B,cmcinnesea,600063,0d811c6331632d254947e1f2e0223f555c6b1bca,-78,871,EUR
1,77-8A-02-E8-5F-92,ktorreseeb,600024,08f8c64b43291464448493f7abfd2b785f7fb7bf,-85,375,BRL
3,A2-CC-7D-E2-3C-28,jwillgrassec,600082,a46b1e12820da6467ae6eba715316395f28a14ca,-90,710,BRL
2,44-3A-76-17-2E-BC,apatriaed,600052,1aff48daf787588f74e3e13a078efadd9f2d676f,-69,495,YER
2,5D-0F-9D-90-07-1D,ddippleee,600021,a81b131d19d6888a70398284e0bfccc42e412b55,-52,181,BRL
1,0F-46-F9-03-F3-CF,hmorcomef,600030,0bdd0df15a1773842249c129017beb2f213bc2c7,-79,415,VND
3,4A-AA-DC-47-8D-AE,mbarbaraeg,600007,dbb85393b3d7ade5d75191d1656fd90114b3de70,-70,1132,USD
3,BA-79-24-96-4E-3A,ptoghilleh,600064,94e81459848822e4545227bb5a26ae3b3703af91,-84,425,RUB
1,00-0E-C0-1F-83-A7,mfarraei,600018,2429f14e5f41d022fde29eb9b44a228899e2e737,-49,504,RUB
3,1A-F4-CF-D4-04-C4,kbarnissej,600046,56c728e04218c2ce1a11da7e8d11187db3fb2abb,-80,1181,AOA
1,80-40-12-F2-77-16,aengallek,600119,ecfe0480d1683aaeb01ba7dc288200f9c38e84f7,-70,339,COP
2,3B-51-77-ED-B9-39,gdawidel,600104,06bbbb123b384ec21aa75f0f37b0c4e8ac2d427a,-56,938,CNY
1,67-8B-93-98-48-00,jgrinyovem,600108,31c0e19f261c6a8fe9f62e5daa81d713fad64c03,-61,949,BWP
1,36-43-E8-61-7F-87,kedmonstonen,600034,b9d77cadbf896aca46853d99ca9bb744f215525c,-62,686,PHP
3,45-84-21-DC-74-7E,divankoviceo,600100,c45d95c5da069f3c293e2b74b0077dd696dc1fc8,-75,844,CNY
3,85-21-51-0B-40-91,czimekep,600008,6300e907e54ecf7c06e6a51abd4c3c145101b12b,-82,935,BGN
2,14-0F-60-11-6B-EB,bwadloweq,600005,4776370af28d698e9e841f1f23062a360ea0f773,-57,490,DKK
3,90-A1-87-BB-C5-BC,ncowplander,600034,1f5f74cd3e266c02428f4c3c6c7a8bca9c522426,-49,551,ALL
1,FE-29-B5-8B-8D-DC,garlidgees,600056,306a4b081c20a98509ad2ca9c4aef41b3818e4fe,-68,189,GBP
2,BC-DA-D6-D7-FC-C9,waikmanet,600057,8bb3c88ba2bc75be1af5719dd7764a31de518011,-90,334,BRL
1,3A-F2-75-B8-94-1D,scromeeu,600090,c0f8a6a143987899c1ef6c291aaa301c81c6e69b,-68,793,MYR
1,36-87-25-92-6A-05,dmaccartanev,600009,a9d6f76b9a7a2f4976128f7edc8dee6f217cb5f3,-61,1067,USD
3,3F-FD-56-27-6C-74,rsighardew,600093,481fd5005e439a6d4e07266b0735e5b4aee8bfb4,-88,884,XAF
2,6D-13-10-BC-3E-AC,bmacbainex,600096,95e8f1f84a892a9bbbf452b50f843dcf4f6dbbc3,-62,449,BRL
1,8D-47-C9-B0-FA-9A,josmoney,600072,6b3adfd093f8bbf6ad9eb8e1b9f31e3730a3ffb2,-74,514,SYP
3,EE-A4-F2-A9-F9-2F,hwilcotez,600095,a625098d4295a294f334da0fc0508781a4af881c,-50,809,EUR
1,9C-79-9A-13-BC-A9,palthropef0,600118,5c2b622e1aa58a0e553f47da34ca410e98b46370,-41,1147,PEN
3,0B-00-BF-8B-B2-C3,abaughenf1,600103,79a9207bd1136f2fdc59c5464894e00022563b7a,-85,416,JPY
1,98-58-21-34-93-A8,tovittsf2,600058,84903aa360ddad37997b168e75ad9728a04b54f3,-62,167,IDR
1,B1-3C-45-38-87-5B,smccookef3,600025,ad7d7c82b21190aa73cc167cd21fc5ed34995c80,-50,699,VND
2,17-32-CE-0A-7F-44,camortsf4,600022,9de452303b57663ef86e9630529bc578219dc6bc,-67,521,CNY
2,EC-A0-0B-4C-D6-B7,aflowerf5,600000,719df9850df428d8a7dabd156f4a9b9b46a8e790,-73,552,EUR
1,41-C5-98-D6-3D-C7,bsawtellf6,600019,47c309bfcc64f15463b46d1a5342d5596c4177a9,-74,1154,EUR
1,D1-86-1E-47-60-63,moconnelf7,600112,3160fc50af3f4a0bd549d8ae9de4f23c54ef24a1,-54,695,BAM
2,A8-5A-2E-A3-AE-E2,nmanuellof8,600031,afed12160b14799dec27d0a2aa8dbadc73a25425,-58,334,EUR
3,CB-36-A9-73-D1-C6,kmouattf9,600037,b1eac018b152e9a09d5f852e248f64d350de5058,-81,571,HNL
3,D4-E4-61-7B-28-A2,acurwenfa,600027,3a7b55ab0614fbf56fa95b2e469509d2344860f3,-79,962,KES
1,7F-1F-C4-0E-B4-A5,omacalpinfb,600091,7a78f42f4ee8225842cccba1afb39282b686792b,-54,590,PHP
2,41-B8-95-DC-CE-24,stuftfc,600085,8e4656dd7cc3dc0a8bc3c30b7127e3f2792b26b0,-60,128,PLN
2,20-37-D6-DD-F7-8D,wpieperfd,600061,71af8d8b296e3175f1c06e56be11bb07c2cf1bab,-70,421,CNY
3,51-5D-98-8B-D7-CA,hsvanettife,600014,aa08da0dcd68ff5a3c4978115f116a898967dbae,-87,465,ZAR
1,B4-B4-A1-EB-53-1E,lkauscheff,600078,abc6e2a8d6da782c5f0067dc9e862edc1a1fd5bc,-85,221,EUR
3,21-05-DF-9A-08-8C,ccrippsfg,600052,fc3376687c3879c284a7d019b6bf207f1d238358,-84,846,IDR
1,4E-EF-69-F0-47-0C,abergeaufh,600044,1f246d711c4f67892b09f0c9b2c1a4ed37b66849,-55,951,MXN
1,77-8E-79-84-B5-29,bjarmanfi,600061,8d7ef2efb764174935b5dfa4eb963e3c733b8683,-74,144,CNY
3,53-4F-1D-73-68-EB,nbennellickfj,600006,dbf5a8e3162421ddfa6a7009ddc30d9ece8e7dcc,-86,440,CNY
1,E9-A6-F0-71-F3-54,pkenwinfk,600096,e4740dd50f837bb108c1742a59a7b70c4fc7b12f,-71,196,PLN
3,78-A2-F6-D2-B2-3E,sstuddefl,600027,b71014e898c5073bba42bd37a4d4544a7e4f917b,-65,676,RUB
2,DB-E2-0B-65-A9-EB,aarlowfm,600064,769bf6c4ec849494f40185734089bdb4db26cbbf,-89,1199,CNY
3,06-F0-1B-2A-7C-98,jspeedingfn,600026,a53dcdde428a33764badd525b4515b7277f75a42,-67,191,MYR
2,F3-67-3C-51-5B-07,milottfo,600099,0a3cff49a77015618859441087809fa614c5669c,-52,849,PHP
2,44-65-98-AC-EB-3F,banglinfp,600090,dd6d5615a8fcbd81206ad4932418bb4fa443a288,-88,631,IDR
2,92-57-83-7D-CB-3F,ffeatherstonhaughfq,600047,df9afc7b2e64df7b8fe36b08b677d1fe81660e9a,-90,455,RUB
1,B3-AC-73-8F-9E-96,tdmychfr,600004,46e10e6ef5f5ca5916593738ce7127fdbac14727,-50,602,EUR
3,28-D6-61-21-28-A4,shalkyardfs,600024,b6d7b5d474671214d8df1f8d87e3935a861363eb,-42,1042,CNY
2,04-AD-5A-E6-77-BA,cbignoldft,600115,4ff88443fc5a6de78da785fa6b645b4b41958b44,-90,168,CNY
1,DE-48-79-35-1B-56,kdarkefu,600091,661fb95b493462d36ae2075929dbbbc6a5ca33ca,-71,172,CZK
3,F5-9D-FA-2D-CE-2C,msaxelbyfv,600001,c524db49f10a7fb043fc07bc93c1538b424d34f5,-50,338,EUR
3,7E-3B-4F-4A-32-2E,eboowfw,600088,b8e4d7179cc884462e94eab8e7df27645dcc40f5,-41,690,PHP
2,EF-CB-17-FE-AD-5E,zmorvillefx,600078,8b5342968dfc41b33cfa69df2b54a93a469f55ab,-53,248,EUR
2,DA-A9-29-57-E8-1A,cdarbyshirefy,600031,3b21d2d8cd2b4d8fc030f6ca9e86f1606cb66744,-40,843,RUB
3,00-83-47-44-1D-A8,bcheesefz,600027,70250cc6e4079217f4f3751ee22cd5a496894385,-61,493,YER
3,AC-B3-32-FF-99-62,eshinglerg0,600058,b84e28c0eebcb7c3d5e9ae2cd006f959c58d57ca,-52,737,IDR
2,99-A9-97-1C-49-6F,rdeangelog1,600062,de77c0e923123bde4fec41d718f4062c78cd5ce7,-61,727,VND
1,0B-E6-F0-4D-21-91,ucardenasg2,600093,7f5ebc22ee3be489ea9f5c5af4b5d0b0d52ee1cc,-53,824,TZS
3,40-1E-E6-B3-46-41,mdomaschkeg3,600011,8c02426de5c00b62f0c3e4e63401e534d966db92,-62,607,CNY
1,AD-5E-E2-A0-3C-03,cdorringtong4,600014,8c86435648bf6edd78200c03ba9147d2d52f81ae,-48,1125,HTG
1,40-E7-42-33-F2-AC,scarpg5,600015,c5d9073745843b7c237adb1f815a5603b13b99c0,-64,756,CNY
3,61-22-2F-2D-B9-A3,lpiddockg6,600060,f16401c6ab4769ff72f5604538eb3ac5bf4a1cbc,-71,254,CNY
2,D1-7F-20-12-BA-68,abessantg7,600101,543cef5529c20ca68d6ec5c2ec0404401aad10f6,-72,869,EUR
3,65-92-E0-81-E4-F6,abradforthg8,600030,6240e8bec1e920ddea77db3b6d1f0291b36ac7e3,-44,506,PAB
3,E2-AD-42-96-6F-91,jbatchang9,600048,8afbddf78542de79a5c28965382ea505e15535e3,-51,854,CNY
3,4E-33-99-84-23-12,lkeenega,600109,1602f8b9cda377488a2708f0e98ab05876e74da1,-52,680,IDR
1,EA-B1-DE-98-B6-29,pkobierragb,600102,6f05e1eedb04ed76c0509c3f578047bd4cb72dfd,-77,746,CNY
2,D3-E0-CC-AA-47-8A,fcruwysgc,600069,a723e46f6bbf439b9332752547bf28a3a952261d,-75,197,RUB
2,F8-F8-F3-F9-BB-B9,jdeemangd,600018,b61b076f98fc082678a6e7b256f25eb4b63bc071,-80,1113,IDR
1,78-8B-ED-0B-03-C4,rhumge,600060,04c2c3ac481b0fc192168246a9cb160be029598c,-89,173,CNY
3,CA-39-66-50-C0-3C,seasterbrookgf,600069,7cfe6eb1fa887cef6f11276a0d4571043bcaf3a1,-67,345,RUB
2,F0-F6-B4-AA-20-78,lkaszpergg,600072,13538a26d3dc1aa3ad865a78b0c858ce297ff1c5,-45,793,EUR
1,9A-54-2B-60-E8-98,dpoultneygh,600086,83d4e233802fbc0825c24f6371cbaed1b464f03c,-51,683,WST
2,E3-CA-41-02-29-E5,dbaseliogi,600066,6030e5c1cb4d747437bf3118ec06da9739404b61,-76,290,CZK
3,F8-5D-15-6D-7B-D2,jdonnachiegj,600022,c3a1c0dded7c34eb0c0b3b03c5e9c07106eda879,-64,333,IDR
2,38-A9-F5-61-40-9E,cserchwellgk,600010,db883adbb536a016e060bedf2fbe9a5caee89109,-71,1157,SEK
1,6B-11-79-9D-FD-7A,admiterkogl,600092,f7ad702d20a403c5eaf01578021849767b2c2405,-43,885,IDR
2,15-E8-02-E8-B0-7F,udjorevicgm,600035,c21337609a8181f7789cece158702bb139dd7a92,-64,1091,PEN
1,BE-E4-C4-5D-1B-10,clindopgn,600048,defaaaa34d93326cdf6ea83b8c6510a2bf81b1bb,-69,313,HRK
3,BA-C4-CF-4A-56-BB,ebrumfittgo,600110,76bb1b52e0540afd14fbecab21227da6e89f3ee9,-88,682,BRL
2,4A-E2-97-D3-9F-6E,janangp,600046,b9955727717b5c1643eb49bd2b8559f3191d092b,-67,245,CNY
2,76-06-7F-49-7C-DC,ddavydychevgq,600114,cd2701db457df4f1b360f68cfd72c67727cdbdc8,-84,335,USD
2,CF-04-08-E4-D6-90,ekolakgr,600106,a5a69318030e499f85a09ef00ca76131b0c1153b,-47,1058,CNY
2,16-DF-24-89-9C-C4,cprestgs,600078,018cc34b58b1af2f2f3e6f1f18c95ac1c7e59bb4,-81,690,EUR
2,C0-F9-A9-9C-6D-5F,dmcandrewgt,600064,f4a1f3cba68e573a971256bfebaefb13e23378b3,-83,513,PLN
1,8A-02-B9-C3-3C-2E,kmoiseygu,600022,a5735531176230becc362c1b6e72822ad7e43cb1,-58,1060,BRL
3,A1-BB-A3-75-7E-0B,jhucknallgv,600034,3d7a7971f1f52199560f86d69bdb6fb8aabf7827,-65,1041,CZK
2,BD-D3-95-ED-D3-A7,puppettgw,600055,da492bce7eb86a0740ac68a8cf216f55a102f7f9,-76,786,CNY
3,61-D2-EB-4B-58-2F,smccallgx,600079,492a91a5b4f4f02188e4428b306d6e51f5f242cb,-82,1135,MXN
2,DC-28-83-42-78-8E,dughigy,600120,e66d7326000b2729ae70d2749a277a5e4b40c83a,-64,435,SEK
2,58-2C-93-3C-E2-C7,vmanilovegz,600037,30c37640653e7985ded9ee5bce7d0ca217397372,-80,727,CNY
1,AF-E4-25-98-8E-9F,jrosenbladh0,600046,67b7096010630404c48695d920d211b072d323fe,-55,235,PHP
2,F3-81-18-CA-93-E4,nfleyh1,600109,01138c1662f8f78c7252bf265172270c2518d39f,-69,337,IDR
3,AD-98-F3-BA-3E-E4,ebaggaleyh2,600051,fb94dff97d18ffeb93c6a7c586c7733f2fe27a3f,-55,684,RUB
1,67-82-95-2A-9C-75,cheimannh3,600008,706f22da781a3f3a9395bb90558df252034c879c,-83,1052,CNY
1,DB-F8-77-FD-7D-7F,acotterrillh4,600088,e81afbd5fb7f7639e1014c4fab03e704a32e9ef1,-67,479,RUB
3,26-9F-5A-4C-29-07,mredlerh5,600009,e183352fde0151bcc574aa4efa55f493e171edee,-80,610,CRC
2,70-2E-4B-7F-F0-D8,byourellh6,600048,2cfa4ed3361313905223c7bdca897d7daff61778,-79,233,PLN
2,EE-5C-63-7B-58-D1,mmcjarrowh7,600057,2189b9e9f3e3b99615d67a6069fb0c0d974bcd26,-59,905,SEK
2,C0-FC-08-C5-A2-DA,dramelh8,600097,5c1b402403fd494be8d40f517ef2d355da10a565,-61,224,CNY
2,8E-76-5B-25-91-C5,nlavisteh9,600080,896526a45e447d5aa3053938adaf70160e07746c,-56,803,PHP
1,F9-0C-CC-3E-D0-5A,tbrignellha,600011,565cb556e8a7d988eca930022c31fcc10b712190,-88,1176,IDR
1,D1-54-33-77-E0-47,bygoehb,600092,97c602d6990a880d5fb7fccbd43bb1311d36175e,-64,462,IDR
2,38-C5-86-64-8A-41,jprivetthc,600034,a053d66dd06f9b334dc6f46f6b076a331d741a11,-83,762,CNY
2,AA-D7-7D-CE-EF-5C,alockitthd,600098,867364a6e40e53ca72429541e972622770bfc195,-72,724,PHP
3,E7-FE-89-01-0A-F1,sthorroldhe,600091,4c4f8e394a53d39deb0eee01afef75265cf6e2f9,-48,998,CNY
1,24-76-CC-FA-48-C0,cfozzardhf,600024,193cb27a4eb7bd8a247d3375dbd008b571dcbd62,-56,189,MNT
2,E4-92-D1-99-78-EB,fpeschkehg,600103,550eb82e112582a7d4b87eb3b159eb78a33dea58,-71,487,COP
1,47-C8-E0-0B-74-73,hcamelihh,600103,78dc82faee777dd07a92e52398e6eb9e3dbff11b,-80,911,CNY
1,2E-6F-DD-60-BA-68,ggallardohi,600023,0d3347ab7b15fe3b0b315db9c66263be4bcba52e,-90,904,EUR
3,C5-54-15-84-D7-C2,rhirtzhj,600052,ba377680ea47e0826ddf50c25a32896d524d5984,-68,1178,PEN
2,1E-EE-47-5F-7D-BD,agiorgionehk,600081,37164310571395c6bc8e7609b9badef1c45ba98b,-81,993,JPY
1,A3-4E-C3-4B-E4-44,spelchathl,600095,8662b13b59a1f01dc7838ab509f8a16e7c50c191,-58,171,PHP
3,05-07-23-06-52-20,ngureryhm,600022,83973151a36be1a64fcefc19b1ffd6306a3f7e58,-69,1200,THB
2,E3-3E-D6-37-3E-AA,tpotterhn,600068,bb37a4ec29e3c150c0d054cd7273543382551473,-63,340,RUB
1,69-01-02-D8-2F-72,bfanninho,600014,bcae8361374c3024ff99ba052b52770ba6bd28c2,-67,1127,IDR
1,EE-53-B5-37-7B-EB,dpaikehp,600001,b8e725ca64a4267788ccaea6793ebdaa4743c33e,-55,1121,CNY
1,61-85-18-9A-32-8D,soneillhq,600011,98c2530695191b2eb2a773853106d005698b8ab7,-80,124,UAH
2,27-C1-27-67-73-BB,scockrofthr,600070,9457f3025259941924b7c02237be55d634392a52,-81,809,BRL
1,D1-48-10-5C-CE-D0,ghollerinhs,600046,ce9c727942ff047ed516edbf6c7de6bcd84eb213,-73,1191,RUB
3,23-40-80-6F-1D-53,mmetheringhamht,600096,557ff60fb29db08ea3e3e71ec49ee8f88200b8dd,-86,983,IDR
2,E4-20-45-E0-49-3D,fgradlyhu,600058,254ace2aea1aff4ceeadbc42ba9b1d8dca305499,-83,569,EUR
3,D4-16-02-0C-AA-E1,wfeliphv,600088,01f9ad4954d17fc8525472398dcd8f7d1a40151f,-77,995,KPW
2,45-90-06-1E-A7-D9,dsollarshw,600023,5e988f126c39a9c134e4dafadd35b9549eec854e,-79,518,PLN
1,90-50-F8-74-FE-99,tstarieshx,600064,b1ccd9e995b5be36f88b40811682e85ca1a1c5be,-87,732,EGP
1,F6-08-31-12-B5-C6,lortahy,600018,0206674787c8415856ac71fcb49fb48d2b85dfd5,-86,878,LBP
2,A9-A4-55-16-93-01,thellardhz,600006,5f9fba957825fc8bc39e80f97d1372c2cedaf277,-63,292,IDR
3,8B-01-EA-DD-15-05,tclifforthi0,600017,f4e4695d7b41c553dc512dd472f756f67d6ab1db,-52,1123,EUR
2,38-6D-85-A0-E3-91,ptowsiei1,600119,0e1603c909da3b5943bcc6168735a265b4067dda,-76,182,THB
2,E4-D5-EB-A3-E4-07,bhouldini2,600107,748386240619b762f494d00c3d8c38f596ed95c1,-50,433,XOF
1,C7-B8-E0-FD-FB-2C,hm os c o n ei3,600000,0966a36b82f1944505ff10db32742d733387ed76,-50,924,IDR
2,48-A7-31-59-17-CE,pcaghyi4,600001,d418226e2ee6effa16aafc6d514b368220c0b84f,-64,352,ARS
1,1C-10-DC-C7-2E-61,mglawsopi5,600070,922c800972ad05f1675971658137c352da5c1b30,-80,1069,PEN
3,6D-C5-89-C3-BD-8E,dcardwelli6,600054,3f18876089672f6387924f5f51d1f70d541e2f9b,-86,783,UAH
3,91-4D-60-B1-B9-49,ddaviddei7,600063,395317d55ca5520dd04b0bb27500da68b8075bb9,-41,548,CNY
1,DC-AA-31-DD-5A-AE,eemersoni8,600055,d1d755cb96862e0c828e6fd2a20e4dfd117fa8d3,-51,1187,IDR
3,B1-1D-33-17-64-41,mhanscomei9,600120,6288e9b3c497e4de73210951487cc82576255167,-57,330,IDR
1,0C-6B-19-DB-77-47,ceulia,600029,9e133d93eec799e6488b1556f5b95e0f6139d86f,-46,596,AUD
1,30-A7-C6-04-0B-28,ptrytsmanib,600067,fb0448e6b599ceb0c560c6321cc021d7c57da046,-50,724,CNY
1,46-F5-2A-FE-87-39,eeilhersenic,600062,5bfd56da6f9ff2cc1f6976df1d8d220a4c48249c,-76,126,BRL
2,CB-E5-A1-96-A6-55,straseid,600037,b769202b7bcdf27a6f6a39366b63834054c3ee56,-81,824,MZN
3,AF-0F-3B-5C-E4-27,tlintotie,600065,bbcbe07da655b88ddfcae823d596ed1a7a2672e2,-70,695,YER
1,79-7A-35-65-BA-D2,bgrishelyovif,600086,66c3bf804123ed5e2ca79b54bcbfdd1d4e115626,-81,110,CZK
1,21-F4-71-9B-8A-68,jbayldonig,600089,064e6b6240551406734439e690a87d25cc726480,-78,334,COP
3,91-CD-7A-A8-5F-0F,tcurnnokih,600076,b119679b3909693a5cb2c7e0c22c783e4560be84,-45,125,NOK
1,75-1D-91-31-7A-88,pheigoldii,600012,f3e641595416a22fb756cc44b9930501b5d30c96,-60,353,PHP
3,76-50-06-8F-ED-CC,lcovelleij,600020,ea488a91e955cec7d86a3210b905a3bd882258d5,-89,691,MXN
1,2E-76-1E-73-6D-D2,smarteletik,600012,5b51ff76c345ed2424fd34bf05fd335801eeee54,-45,433,CNY
1,B3-CF-18-47-33-84,mtullisil,600112,3569f20f00443545345c7e01e13bed5047a91767,-50,243,EUR
1,95-A9-68-83-FB-42,mgwylltim,600020,8225f69a11cb7e8d3e115b43a7630e6642e47652,-43,878,IDR
1,7B-35-8B-40-16-64,fbachmanin,600062,16c523dc0e3130ca2651fcc6cb21ff468ed8a3c6,-76,520,PHP
3,F3-D6-06-AC-B8-EB,lbooteio,600105,9ede5c31c1cefbc42d0ad272a40eea051c7772a9,-48,1163,HNL
3,AE-E7-D2-B2-55-18,briditchip,600077,25a44db0965ada173d1d31bbbe81a64990e3d712,-85,659,MYR
3,C8-21-78-C2-8F-A6,kmegaineyiq,600116,d390f0e3d60410cc181b77dd7f2814e8f5d11cac,-71,315,CNY
3,D9-B8-D4-22-F3-08,lpetracekir,600103,23854d793563f47422bea7f943f87ad7df1c81cb,-53,965,ARS
3,F0-F5-05-4E-AD-86,cblincowis,600073,aad70ef2905d63d0b8d167b2b0ccd1fe10137754,-65,1028,CNY
1,26-12-52-50-B9-5F,ctresslerit,600114,033a3c3c918e8dbd8c7c35eea7433de4024c2516,-51,439,PHP
2,53-67-03-81-41-07,dferryniu,600033,67178c80b9716278b295738f7aafc00e4c3e69b6,-62,953,CNY
1,B4-2E-BA-FC-5B-6F,mtargettiv,600047,7565e8d715065f51c022e3d7711eff36bb8e79fa,-84,321,BRL
2,48-E8-89-3B-A9-12,adunbabiniw,600006,c8d44de98150b64fa0592fab46b596037f089bbe,-64,1141,SEK
1,C3-0D-0F-F0-5C-FC,lcarnellix,600097,07d2a50fd112253fb92c0e27b18dc01727531b65,-52,308,PHP
2,B9-B5-B0-4E-41-A5,aberthomieriy,600020,76c73cc7025c70c0962c8ef75e9737dc93fefd83,-86,991,SEK
2,D0-3A-5D-ED-67-80,rlympanyiz,600002,e53450e9ae7a33bdbfee9277d5ffd0348bebb431,-87,868,CNY
2,C5-43-DC-8A-C3-97,lbusfieldj0,600004,155b39130afe8b3c5fff221638ba4e4ef6e2b61f,-87,1003,IDR
2,19-2E-D1-23-C8-90,wsmythej1,600083,8d8c38e584aa362788396617e9f1c4f583d34818,-49,1115,BRL
1,E8-F2-9D-56-86-C5,cdoverj2,600022,20dd09624fa70e9e2d12151acdbec579f026008e,-57,160,CNY
3,F6-3C-6C-24-58-89,lpeplawj3,600085,3f057086184059b9e4411c619905d84f9b20b442,-49,1175,KPW
1,04-50-92-73-19-2E,gvanveldenj4,600101,b45d87c61fd3a90f53b68ec2f6e2a470569e624e,-42,1100,PHP
2,AA-D4-88-9D-8E-19,jspeermanj5,600094,d9f07dabaf02785bc7b0e3ffdf47374ded9bb104,-65,650,EUR
1,88-0E-BA-2E-75-33,drubenfeldj6,600027,5ad7ebb80b45f7f8dd985f6164aef9461f0f4c35,-57,397,UAH
2,5D-4A-C9-CB-6C-2E,vstefanovicj7,600101,b83d08b28cbb78ed1a636b841787928f80579795,-59,213,USD
3,39-FD-F2-17-38-64,acustyj8,600093,8712826ed9c05ccf7f195975b7c09327c9a915e2,-44,165,IDR
3,E4-10-FF-8D-4C-61,gvardonj9,600063,e5eb423caa9a38b7289a4cf057b301193b84e0df,-88,194,BRL
2,1F-BC-4B-3B-E1-1E,tyatemanja,600067,33c9775ec7bd8976eb9ec87108c6d05a3214424d,-85,951,EUR
3,88-7C-6B-FC-71-47,lbischopjb,600087,5592a141c5d685cd646b85c7e2b377ee51c919c7,-69,1166,KES
3,68-67-4E-CC-83-02,okendelljc,600028,8d25db9ebba801937f3016c0154108581ad2a11a,-81,649,CNY
1,46-27-F5-F4-62-67,kstallibrassjd,600091,86db52a4817a9320759c94de307c611f13d22148,-42,676,IQD
3,97-F0-5A-35-19-C0,lmacmasterje,600030,34092e1777e3187c94059b09ae7a8a4d58e47beb,-83,756,COP
2,F4-65-D0-AA-6F-29,tcupperjf,600017,f98ecdd37c4100d7b7dd602e84364ef40a3716d8,-48,983,PLN
3,CE-56-A6-0D-EC-EC,grudsdalejg,600071,4f5c101ebf4dbaadda2a0d8638139fc8131e6fbe,-55,1086,IDR
1,A1-D9-25-A0-4A-ED,kfairestjh,600061,71261115eac0d9db5368494c5c37100b12de38b9,-83,1035,EUR
1,18-9C-0C-1A-36-7D,galenichicovji,600096,693bfce24028e8165d2c7a2ebff59fae77fd5d8b,-60,350,PEN
1,F7-3C-FB-DF-73-82,obrodheadjj,600011,38781b799cc0f87ea9a428e623a382397c88a203,-61,454,IDR
3,85-1F-53-F3-E8-B1,grapojk,600069,ba87029f51f679155e9d4bfe8e370e2e281f87d1,-44,183,EUR
2,56-DB-FA-2D-2C-BF,amcgilroyjl,600061,299b257f2773f5227bd1070a998954d1f2c0592b,-76,279,THB
2,C2-06-98-F2-D5-B7,ceusdenjm,600038,66881b29b18c08f37f3591ef2f1d022d00e597ec,-44,966,CNY
2,14-1D-CA-78-42-7A,wdunnetjn,600006,7c3d56145093e189cb3ee8b1b1a42556886ec658,-77,1053,PHP
1,90-93-6F-94-B1-38,vgodsiljo,600037,a53e561ab28c347cecfadbc5f15bb2a4f90b72ed,-81,1162,SEK
3,C4-FB-5D-3D-C5-18,ntuveyjp,600068,1cd9ec3d0f8ecf0a582a86a87a3523dc3cf5a9eb,-45,301,CNY
3,5D-26-AF-DC-AB-51,ifarnishjq,600055,aabb6107fd040cd1ed4995c4f2c5c80c27c59e28,-69,287,USD
1,B6-66-D1-01-E2-84,pbearnsjr,600119,bb60b39e01e15ec89f30bf746a243f663948861d,-54,408,EUR
1,8F-04-76-DC-05-A2,vduguidjs,600083,193e9c027d3df041e505ebd041637190fb9c3fad,-76,787,USD
3,82-48-44-89-F9-F8,eturbittjt,600079,7618a478030b2f32fb8a0160efcbb4d96b10662a,-71,993,NGN
2,C7-18-64-E4-2A-7B,pcanbyju,600003,d5f2e4a92acaf683f2770b09420d3995d6e4075a,-87,760,BOB
1,3E-64-94-01-BD-65,lmclugaishjv,600054,000e2cd71139ec1ffc48aa1f71cb26c08770a5b5,-86,1140,PLN
2,2E-96-5A-A7-BE-BA,ethorlbyjw,600002,668e8be012de8ec56d1ce001b9272f15b2333241,-62,440,EUR
1,57-43-F2-CC-11-0B,eramsdelljx,600118,9e1ff4a85ff8a0ec8fe0aaea926c4df44e2b9dc0,-49,280,IDR
2,20-1A-F6-C1-AA-C0,dplumejy,600086,08d7c12867799347add990a3e3715934969d1d7c,-86,563,RUB
1,E9-77-49-FC-97-57,phounsomejz,600093,6c42d8bba9d757e6eabe80b57ff6f4de7bb34453,-54,406,THB
3,53-17-F4-66-5A-C3,sseakink0,600120,26a761e50872de41e3e883434d19df1bb0911b7f,-88,365,CZK
2,93-5A-18-55-76-E5,myeldhamk1,600081,f6bc4f0c1dac0adefa2ca7c4b0c1f46b710d9a47,-50,641,CNY
3,45-A7-70-D5-58-E5,aroostank2,600023,336d6d51427f8670f32da9b8e6b037a2fb22c551,-84,1141,EUR
1,5E-75-EA-A3-D6-7C,gortnerk3,600001,9a7dd3666947057a3c6fd4a2420c1c0de83e3279,-61,210,WST
2,C2-8A-48-B1-53-81,gkershawk4,600028,6f7e119f88508fadf166ea395a91b5aa768f6fec,-53,873,CNY
1,06-27-16-7E-7F-63,kdelacostek5,600037,2c21c40d6c16eef1a5a77800ee39904168fa4fb2,-89,330,CNY
2,94-1F-A4-55-CD-33,dabadamk6,600059,3cf36f5d912cbf8302cf1a44b2c448862b93b705,-85,809,CNY
1,F6-95-09-1E-4B-17,atremeerk7,600067,72471c424166dda7cba0dc1f17d5f777cf0f3b7c,-67,411,GEL
1,77-32-02-9F-F6-C8,dugok8,600003,24549c00ad227c55b4836d85a5e9833e59f991ba,-65,1106,IDR
1,B4-B5-0F-DC-69-36,nchatellk9,600104,693543d6d505124f0a6631176fd164ba8254b85a,-42,269,PLN
2,F7-37-A9-71-00-22,tjordisonka,600024,431bb0a8e3d5f42e0a95e25169737ff757bec939,-71,1025,PEN
3,A0-24-F9-51-B9-E9,eziemsenkb,600017,2fc2feccfb4e5d703ed55de7b5bddaabd3e9d761,-70,642,EUR
1,D1-60-55-CE-5F-4E,mprandinkc,600029,f18fdfadd37c4c0f503a70709bae0da4083b5e8c,-47,104,CNY
1,19-27-E4-00-5A-D1,goutrightkd,600109,5ada9e4b9d1c488a1c47687255c7ff601c377546,-79,193,SEK
3,43-16-D1-C8-82-4C,mperfittke,600110,56907ee96404668b882a7454e3c45a89a4c5a25e,-81,1165,IDR
3,A5-78-A9-2C-D1-43,hdonovankf,600097,e3d8f66a6c77c557b1e9a53c26b6a3955f679548,-57,291,EGP
3,3B-31-FD-69-68-F0,chalfhidekg,600085,c06d45be264e353debcb9bd03641529fe9e39e00,-71,704,PHP
2,02-F1-F1-81-7D-98,zmccalisterkh,600044,fe3d49032e9afa11c404613ed4150ac45b4ca971,-48,1143,IDR
2,85-96-46-67-6D-80,lmattkeki,600071,d2e5a1696c8c309acbff7721f23d97c168fdc37d,-70,627,ETB
1,2F-85-C3-60-E0-70,lmossomkj,600036,61fb1296a6b401da204a9277c6110b6deccc97bd,-58,873,EUR
1,64-12-2C-57-7B-F6,dtreverskk,600111,c7f40e08056c341b22445bf637a3600f9be2f6f0,-61,1130,RUB
1,B9-F8-7D-66-A1-21,ksymsonkl,600105,3c8238a2be237dc72cb7f9b67ba68c95e4411a5e,-45,572,AFN
2,4F-3B-9F-3F-D3-B4,iulsterkm,600091,9d263807af898ab2b814c050b4ec531d82b3d48f,-54,1053,PKR
2,22-11-D2-42-F5-EC,nmattheeuwkn,600024,3c386bd3cf7c313f344b434c097ad4e112609f2d,-80,1056,PHP
1,87-BE-90-2C-BF-02,rnertneyko,600062,bce56e9139f3d1c8664895b972136eb0db87eeac,-55,1032,IDR
3,3D-49-D1-43-50-96,atomaskp,600001,0dca03a3ad46551a7288284a6e2756bf7b871037,-56,244,EUR
3,BD-56-90-9F-70-BC,gbesnardkq,600048,207148eadbe8f15ef16bea6b060a4d4bd1c8086a,-40,298,RUB
2,07-7F-E3-91-73-E0,tbaudrykr,600029,db0edf8165d27e012a62b64c112f7e9e964d9674,-68,949,IDR
3,04-2A-1E-53-53-D2,acouchaks,600087,2e434f8d7f433db2df3efd19e181906726ed414d,-50,408,IDR
2,1A-A8-61-31-31-12,amilligankt,600039,e56e47140e91c7ea8787472b63f3c3ad8da91663,-55,172,JPY
1,61-9E-29-DA-67-48,tmccromleyku,600063,b5d3f1bca8bc68f3f858208864b4815e4a4f5282,-59,642,IDR
2,61-F0-DA-E8-52-57,landrivelkv,600015,48af74999c86ff492dfb6856122c5d608bf9b55a,-42,406,CNY
1,66-3D-55-F0-A5-D0,emebskw,600119,4f2ae492b5698ce8231e665893b1254a9b7dac79,-50,1068,BRL
2,8A-0E-1E-D2-67-44,ktchirkx,600098,1ae9b3edb27f1205fce5f0e64c5e92879ad9a2ab,-60,583,EUR
3,4D-76-1F-55-63-B4,tbeadeky,600009,465ad8d93adf11b79ebb1fcb19a7649eadbf59b2,-48,515,CNY
1,EB-37-B7-0A-05-60,mmyriekz,600077,816cd38633349a6f6a20252aa7896109815805ce,-41,159,CNY
1,3E-36-A6-24-F3-98,grisbiel0,600099,cc1417fe6df54048b8533edaea03e3c89746b877,-61,485,CNY
3,91-F8-FE-A5-81-5D,esewilll1,600083,83f83912c0919efbdad114ad3c9a426d8f265b92,-77,474,EUR
2,C7-0D-96-8C-49-D4,mpaddonl2,600071,b5ab2973bb4210faa522e0e4e3f12d5612dd0015,-69,638,EUR
3,95-F2-F9-C4-2F-A4,eberkelyl3,600108,7a1e1ce567d08f1b8860a677847818f377949c8c,-89,1029,EUR
3,AB-B0-C1-F4-02-FA,rdaybelll4,600007,6eb7a9c336a050a5e7708f0d8eb5100e2a1f72ea,-43,589,USD
1,F0-4B-A7-99-26-59,abernakiewiczl5,600054,25a2502feebf48c4a517c847218c0b3c996e8dc9,-83,895,COP
3,8D-FA-11-A4-AC-E7,mwetheredl6,600115,4eff1b843d2841f41d595e263d9fca8e43794e0e,-85,389,ARS
1,6E-C1-CA-1B-57-04,atumberl7,600011,1318b5b253629fbea4fb7beb492419e11638e336,-54,421,CNY
3,AE-7B-D7-38-F9-A0,hsangarl8,600065,08d3895bf53e128880c4703113933ed9ef0cb93e,-76,267,PLN
2,33-AA-36-A8-43-F2,hperratl9,600055,646ea77a8e2436bc89f2537b4930f76b3e97d605,-47,1142,IDR
3,88-CA-AE-EB-36-7E,sbahiala,600078,20bb70396fdb269d03148852556770a051102c0d,-69,1161,NIO
2,69-6B-2A-2A-6F-2E,edurkinlb,600048,518b6ae58b41d3ba89136811ff245ec90d93675f,-71,1081,COP
2,58-45-1E-D2-25-2C,rdodgshunlc,600090,c612a363367af86bf178a0ad60e6dc66ddb68c94,-45,976,CNY
1,D2-DA-71-6E-CD-7D,nfowellsld,600057,653a40e4db6ebc1ef4ac92ca08dff1581e92639a,-43,1122,RUB
1,5F-84-B0-5E-51-F8,rumanle,600040,cc6a89434f3dd2c53ce588a11bb3813478f25dac,-44,412,CNY
1,D0-72-0A-7D-C6-F2,gpereiralf,600023,e307ee8250242c9ef2373421f75ff5fec63100fd,-41,207,MGA
1,0E-A3-6A-1A-1F-8B,mmatejlg,600111,fedf5a46e94b995278984e48b9526dadf598ec0e,-62,501,RUB
1,A4-AE-21-FF-0A-E6,bbavidgelh,600116,224441089ad2c01c2c9a3ca89c686f7984eee29c,-73,645,CNY
3,05-A4-93-97-71-BC,wlorenceli,600043,3dc492cc6186ff786c854ef5eb028a20ea29e01d,-83,878,NOK
2,53-A2-99-E5-B6-93,gdevoielslj,600029,fff93828e390b8ebefd4d83776b32c5ae3a3dd28,-44,708,CNY
3,6E-66-D5-AF-60-62,sgrishuninlk,600111,af8717b15f75d9edc2f13f77910c04f55c434315,-65,384,CNY
1,11-C7-B0-06-36-8C,ssturridgell,600048,78e9dda0f054a04fa74cc0bd2dad872d81433ed8,-72,797,PHP
2,5F-E4-FA-EA-35-6B,pcolmerlm,600115,ac0f76714cc40d765df1142d0d33a837d1a73859,-69,946,JPY
1,B6-11-B8-7C-BA-63,gallakerln,600032,e524c4c9f255c4ce19ca9e93ad036857b9f6d358,-51,256,EUR
2,CC-D3-77-4B-32-6E,nswanboroughlo,600105,ff686def0e97fe924462a5749aafd5c19d1c5730,-44,472,TZS
3,AD-06-AF-A5-40-71,gmallyalp,600110,681789e05b83e4b0101af9699e220fa259274b76,-88,1088,ILS
1,E3-18-26-34-A0-09,ctincknelllq,600092,6dc1d1e17111827bed295239600ce4b77b60842d,-79,1128,IDR
2,B4-74-FF-F5-E0-E8,sslesserlr,600114,adb6c691f20c941212a6563ff9b0e7130acb7f50,-62,362,RUB
1,9B-51-9F-AC-03-1D,tfossls,600078,501431596267e797779134c9efc0b6ef5f44088b,-75,1083,EUR
2,C5-D3-DB-3E-5E-62,eschistllt,600007,58ff470e5254083d516f21e629cd3c05fca83a8c,-43,944,RUB
2,56-74-51-6B-C8-8E,sshiptonlu,600000,fa187ca718a2ee3ac5f7ff276838f4a0433decd4,-80,984,TOP
3,EC-F1-D2-45-88-3C,mdraxfordlv,600103,e94a8f74714d2012bedf421be8524f03d30714a0,-76,914,BRL
2,9C-49-CE-7C-7F-BB,aaldwincklelw,600007,1c5888f8325459225addfcd7bc02c231cf2575f0,-47,817,SEK
2,C4-26-57-42-48-61,aventumlx,600099,22098f5be8e653ca38fdca69af7c7d1ac6588560,-57,245,MXN
3,C1-4F-3B-91-DD-CB,staylotly,600104,68c55a4be2daf7d4843d69a1555ea6c484a1bbf0,-60,1176,THB
3,14-50-20-80-BD-7A,mnavarijolz,600090,d37b416879c6459416bf2b3d0db53c3caeb9ec28,-81,288,ALL
3,60-8E-87-7B-A3-46,bbrazm0,600058,2de4af0b2f83d6d22f443330202911a069464b6e,-64,220,CNY
3,71-85-E1-6F-CE-5C,ohaugenm1,600062,5cc0370820f18bcb24956499400816895b869782,-50,349,BRL
1,E3-63-C5-29-E1-75,mbalharrym2,600074,ba8880cfdf5b4ab996d187d5f52db71a21b4b4c5,-90,773,IDR
1,03-FE-7B-B9-1D-31,dcratchleym3,600032,e4daa310d7ec0c706d7eb2f5d4da7436941a48b2,-42,577,IDR
2,E9-3F-89-5E-0C-5C,anorthidgem4,600038,32dd11b0248b5570a966e0f1adb22fa09aeb2761,-70,1045,VND
1,FF-FD-96-24-DD-29,kmattiolim5,600104,bed5dc790f401596994a8f7437f01bcee3836747,-42,477,SEK
3,A2-AF-6F-16-92-D9,agorim6,600024,4605fc77645cc00b3981aab31b0fedfe64f08a9f,-51,1150,CNY
3,18-C9-51-7A-3D-B1,jcastillom7,600019,59bbcf33a7f689e79211ed384cd9243705798a5d,-67,1026,CNY
3,4F-01-48-CF-7D-C0,gwissbeym8,600086,a20a2bb5730b24ce0594142472ca63780bdcddb5,-62,423,IDR
3,F0-15-4F-CF-11-66,gslatfordm9,600069,3d1a2b67d39f492f1607fb536b4e0f9c93b8aa17,-44,666,RUB
3,5A-04-A9-18-F9-1E,cgallichiccioma,600011,19c02b1e23d8b5ddb75cf90ae74d03aa7a345b98,-64,945,CAD
1,34-BF-CB-29-4A-31,rwacemb,600026,40242756b36afac4e4c3ec68d8a5f7bd52dffef0,-71,1082,SYP
3,7D-CC-A3-E3-F1-B6,tlilfordmc,600008,a87b4640757ea894a70a64da0cc918d8a6406e5b,-80,147,IDR
2,DE-D4-D3-1F-E9-9E,dfilpimd,600025,1ffd68803ca8990b2ef8bfc148b664dc6fe94e5f,-48,881,BRL
2,8F-6F-CC-D1-BE-AD,jflooksme,600108,e0cefd0c13c1bc533bc7e43595f48e124362e5ae,-62,347,CZK
3,BD-6D-6D-B8-AD-81,jprucemf,600097,6e150c34a7cb2876158908a2d3234b81f27b8ef9,-56,372,THB
3,45-F0-2C-B4-E5-51,isouthworthmg,600047,bca52a306c01f8b3fcb5e1314401040229dad709,-85,355,IDR
2,00-12-1F-C9-FA-6C,hwallworkemh,600039,4ec760d66827d28785b818da540e773ec50c292b,-62,894,IDR
1,A8-37-BF-A7-70-A2,sfagencemi,600030,d937f5e115c0b848fbbc3888bac9effc3be61b0a,-64,600,NGN
2,42-52-97-49-9C-96,elequesnemj,600015,965c9bc55353bc02c7b42a09fc12437a4ddb6bd6,-74,1200,USD
1,F9-52-8B-67-70-71,bhightownmk,600086,7c9f0383a850fa9e96c88790d10d8623704aacf7,-51,245,EUR
3,57-81-C5-E6-DF-98,letchinghamml,600066,6048b63f6bbda5ae7c869919c2f1be066f3662d5,-41,410,ARS
1,09-65-3F-54-2E-78,bfillismm,600103,60e86e54128ea8978eccf257f70c0633ba79ce49,-74,228,CUP
3,17-5F-F4-D9-5A-63,dabbyssmn,600005,eb9510fd3430fdb71c73d585212fd0cccfb46236,-66,840,ILS
3,7A-96-7A-7B-31-EF,bbeachammo,600065,265903404663282f32abd532d3ac569f5e7a9e8a,-43,503,SEK
3,F8-95-45-83-D4-59,hotymp,600120,b090c9a3dba0f32fe26250d4753fa63045ede086,-65,758,SEK
2,59-1D-DD-C2-20-09,lshackeltonmq,600110,f32a1b3356a34ad740504bef1c81bd29ff40cea2,-77,631,CZK
3,5F-88-FB-09-A9-F0,mvanhaeftenmr,600090,c5208d47182cb62d65bec0c30a7b1ff1e945a1c6,-66,113,USD
1,6F-A5-BE-82-E3-12,idelacourms,600076,35cdd8399a12e4e5d70b08cec56185f04e56611a,-65,316,NGN
1,B4-32-D8-71-D2-DB,ekunertmt,600076,9aa3d608f240bcbbbabcedab88f009cb9030896b,-75,1047,IDR
1,08-A1-72-B9-65-33,fcastaignetmu,600069,e02fa022b5acda35e0f46ae50272cf21e913a2b1,-60,961,RUB
2,2F-32-05-33-8B-9B,pzealeymv,600005,75219cc701c947e43766b16f6a9131dc8c709347,-72,636,CNY
3,99-57-78-8E-36-3A,jhoogendorpmw,600084,68238187c27ff6123f1e24fe6872d8b249fcaf91,-56,354,CNY
3,7B-27-1F-22-34-96,asieurmx,600027,ede494e3e209cacb8b407f55c3d53cb90d8ed5ab,-90,1075,HRK
3,69-9C-FD-F7-DA-D5,kgashionmy,600081,9ff49529314e4e0a243c33af5d0d58671f028b8b,-68,819,CNY
2,CF-B9-A1-62-45-31,ctuckmz,600069,f9c77d4a2676b1f684c7fe417b9ee19f6087d4df,-54,180,IDR
1,5A-72-87-21-8A-28,lspornern0,600068,66925c8cebc4d7087663473124126938f1dc725f,-59,1063,XAF
2,3D-97-E3-8E-08-1F,bstorresn1,600035,bc07272969b7cbaebb23aa5c258d6da589b22e26,-67,614,PHP
3,36-B4-1C-8E-4D-FD,gghiotton2,600053,6011bd0f9cd305ab036502b76b52c363b16eb6d5,-40,470,BWP
1,78-1F-D0-99-7A-34,nricketsn3,600081,25a7dbf0e682090b6bbfafb9cd5dd1b34d2eb00b,-87,305,IDR
3,F0-91-BF-62-07-F9,gjarmainen4,600053,f90355c98a5b7b86fb1bc7dea0fae4564713cc4b,-64,850,PLN
2,FE-53-D1-9E-55-F8,ustainburnn5,600107,f8f76f64a9e199a9427e2fc3aaec1fe02f92a515,-83,672,NOK
1,97-13-EB-DE-3F-10,npopeleyn6,600075,cba442370588b0b41d126f3bcdbd5ee6c8680723,-52,862,SRD
3,7A-F5-8A-9A-96-66,okelsown7,600055,3aefa6c4107660bf2281b9baacc87f64a3a7ecf1,-84,1024,RUB
2,26-09-10-2B-92-F0,briccardinin8,600065,9af2d6daa922cf1583dbaf040f3ccf50169ded2f,-65,467,BRL
1,0F-3B-2C-35-28-99,dhastlern9,600102,5d025ce85419e9e04a317d9d5fa0f00856b33da5,-56,903,CNY
2,DA-D4-CD-AD-62-EF,mbedhamna,600050,16523ca1f148ebed8bc091df5913d9adb303bd92,-47,390,XAF
2,23-54-AF-D6-C9-04,ekubiknb,600035,ae01326062e4f4578f435f6503213e1048e020b5,-79,473,IRR
2,C7-CD-DC-FE-3B-1A,pdysertnc,600057,facf01adf11669329d3d8841d87821ce5c9ec84f,-75,314,CNY
2,04-8B-E3-43-8A-FE,skevisnd,600094,4fdf39eab97e1034f9a24323783aa296d2e8e428,-65,392,PLN
3,96-B5-14-CA-6F-D4,mdakinne,600003,8a1297fb29e491e2d36a6ae9bac572f10c841031,-47,1082,JPY
1,C1-22-A3-03-3E-AF,shaileynf,600030,d0c28005291518aac4517ae71ee2407556fd246b,-70,217,CNY
2,A0-6D-5F-87-6B-E8,lelnorng,600116,fd84bd08206c0dda774602d75a4fead8b10f9290,-47,1002,ZWL
2,28-51-71-53-65-38,mchippsnh,600080,4e0f51f98a219d93078c1450d7e263d0d331573d,-63,1088,CNY
2,03-85-8A-AB-A0-16,pmcisaacni,600020,72af41f598ddb7f987128791519a287262f854ce,-82,848,CNY
3,B5-42-92-BE-09-F2,rogleasanenj,600091,9d2ba14004cd87b29cf14244a7cef68f2d44fad8,-57,818,EUR
2,93-FB-A8-7F-16-41,vghironnk,600058,2844247375c9070a580cdd990fb4c7c94f2ff0f2,-75,1061,EUR
2,90-37-34-02-22-0C,mdickensnl,600035,c21cc10ad7f8826fe999c035c0031f11111f2925,-80,860,BRL
1,D4-9D-AE-12-2D-0C,erenachowskinm,600036,ddb391c819369867a4c0cf119dab6cd0e9c87fe4,-74,839,PEN
1,AC-8B-90-3D-AD-88,jdeeprosenn,600004,18cff67d1c1b02a098385e723e98c87f493f4b45,-52,1034,IDR
3,0D-8D-94-16-D1-AB,cmarvalno,600113,364ecb1f042d01ccef9297b72c58df5bbbca8243,-82,1059,RUB
1,EE-8C-40-4B-C6-50,amazdonnp,600023,283ecc389672fbe6796a070712e56407169ddcab,-43,499,PHP
3,26-71-EC-A2-06-63,jwindleynq,600096,b01449f90390945c11db7b1dded19261939b65d5,-74,376,CNY
3,25-07-22-54-E6-C1,lscimonenr,600053,0f0ae8e02c237e33552b57f0fac3bab2235493d6,-57,962,EUR
1,65-8F-AE-BD-29-AD,oayllettns,600095,0e5577631b42c605b805377751ef899b22de329c,-54,100,KES
1,CC-4F-FB-E0-03-B6,agunstonnt,600009,9ae2d7eb538cef3667a1c391ba0d7b10773ddbf2,-77,859,PHP
3,5B-7F-5C-49-6A-F7,ppilchnu,600010,c0aa019b5e904c233eeb5b72e1c7e93564d3c841,-65,1135,CNY
1,8C-16-7B-AB-DE-E6,bmorbynv,600101,2275aba2bc37fb13a3ac2db39f07c284cd7bd2dc,-53,1066,GBP
2,A4-B6-EA-DF-14-FE,lbuttrumnw,600088,58423158f82c8fa38252f80d431c1aa152746913,-73,1161,EUR
2,2C-B8-2B-62-13-88,hhopfnernx,600112,3f609d316a24b92b486a7b50f8a5e3eb2dae9603,-63,1053,CNY
3,4A-63-D9-B0-0E-49,flacotteny,600003,8c7737598c2a3be30da19852ebb540e21918ce06,-90,624,EUR
1,AC-A7-25-7B-A1-87,alimmingnz,600098,a168b3367261387f956950a412a5c7682afbfa27,-68,487,VEF
2,EB-70-FB-A2-6F-27,chedgeleyo0,600104,114991932ccfe3dbf076b7443ac7bd4c457da4c5,-54,1093,CNY
2,DE-9E-4E-5D-27-1A,jpeato1,600020,500b73c97a052dad6e77522f43a1971bf5a14dba,-46,958,CNY
1,DD-33-D4-DA-A7-63,ecavanagho2,600013,82a6f30df73c3673a8cefbb4c300cf888159997e,-60,765,RUB
1,00-64-26-8F-5E-2C,cgodlyo3,600075,a4867ddb78e17f227797c44968953e423a806485,-84,181,IDR
2,7C-33-BE-37-29-5F,lbiglino4,600086,6b313a1189e3930c0a7e688337033346f705098a,-86,429,XPF
2,FD-8D-4D-39-74-F2,plarawayo5,600105,18e49cc77b9265d3524e871878a1e981d7b451d1,-80,1022,CZK
3,10-6B-18-40-F1-E2,mrennelso6,600009,29cf4a15ff1d3690224e1c05361ec49908fc3a42,-46,114,CNY
1,16-C6-93-66-7B-A9,eklaesseno7,600120,54ee63417a86f6a3628536383db93bd08151e7c4,-66,923,PKR
1,0E-F3-63-C9-AB-A5,hwinsladeo8,600091,482d2773e09f4de87b9dc4588c2ae6aeaf970d8b,-64,528,PHP
3,6D-18-1E-28-C3-90,acadoreo9,600001,636dbc74f266ba0124a5b0f93ab9512fd68acaf9,-50,1197,GTQ
1,F0-0F-14-7C-F8-1D,awetherickoa,600052,a437bbcbe6f4ca2402946041713d8ae836787d08,-47,409,PHP
1,32-22-77-AB-B6-46,srosewallob,600026,00f15121e4aff7a86b796d798ebaae6b84102e76,-80,1006,EUR
2,4A-3F-55-BA-F4-B7,kjobesoc,600017,8ef871e8ce98538b06f3a9ac8ccc5d96673dd05a,-61,100,CNY
1,FF-0B-AD-87-9E-EE,ccongdonod,600091,eff4c7b12c94d55b549cd06ec85fbf837fe7298a,-90,1041,EUR
3,3C-3E-36-2D-C1-5B,ckellieoe,600002,27232e4d1f068042d6d3174b6bcacffb66a76ebf,-70,1113,IDR
1,EC-09-26-C7-3B-21,thearnamanof,600088,9855c6ca5435fd68477ef71febd7ad108c8a7389,-63,475,CNY
3,1A-F8-39-DC-80-34,pgarnsworthyog,600000,2aa25171c6c926e44c38d2bb7fd2d72a51424256,-58,1142,UAH
1,36-24-4D-C7-E2-54,dbassamoh,600064,33b117ef4c4c10b7fcc2fb9b78b2f48a984c60d5,-85,730,PHP
2,97-11-18-08-A0-57,mwaudbyoi,600043,681ed5b6c8389563b047beaad927384fc9ca0ec4,-81,491,EUR
2,90-7F-6C-85-3D-5C,csargentoj,600097,613099c151de96e2f502658ae1fa763367a36c92,-84,289,COP
1,5C-DF-58-E8-44-D6,tklimasok,600076,36779ef534f7ee737a38837636198b0e166aa7dd,-87,195,EUR
3,AA-32-C2-B4-8B-99,pvacherol,600107,26366a68890ce9bdfed729d4bc1ccbe96c89a1b1,-47,314,SYP
1,3B-86-FE-98-12-9A,smacgillespieom,600029,74d3f09b85c9451efa37c681dc8f52b5f7f2ae57,-78,1131,NGN
1,5C-CC-DD-23-47-21,oferrieron,600107,58126977764ff34c99b70d3849866b7ff70c0b88,-61,411,RUB
1,81-28-BE-D4-41-DC,ghirjakoo,600019,2cadb2775d6b156349f6f28a0659df7d71a2a71f,-75,148,CNY
1,F1-A6-8D-0F-D0-79,sbastockop,600054,c58a864945b1bb9f75332b37058dd515a134f42f,-51,703,RUB
2,1D-86-0E-02-08-80,omenioq,600120,eb279ff80545a0562b06162537f81f5d21ffffe8,-51,975,CNY
1,10-D4-54-5F-CB-14,jlivingstoneor,600103,6d0a25b0cacb8daef60f10a264dbbbcb0f7d7871,-51,353,JPY
3,57-CA-2B-E8-9B-7A,bgarstanos,600033,d2af3a788ec39c3bc7e8e51671283b12e24c67d2,-53,1046,CNY
1,51-37-D1-A4-9A-D4,wbrayshawot,600093,68039f3cc5c29c220e2dfbdb8ee1dd880ab9ff04,-57,275,EUR
1,58-EA-6E-43-72-64,agerdtsou,600029,76b2a144a37a61b3482c6e7a9357ee1104fade02,-76,1026,CNY
2,54-8D-CE-3F-91-1D,vgerhtsov,600086,13019765eb662954ffc53a6fc458e007141941e1,-53,423,CZK
3,ED-39-A5-05-0E-74,bkendallow,600104,b6e1b8c03be5581e3c5b416d20290c5d206198ec,-41,192,IDR
3,B4-D1-32-0B-B7-24,dhuettox,600010,740f4fbbbf1f1c5448c87b6ff57f56d96637908f,-48,438,CNY
2,89-94-E8-8B-49-03,arennixoy,600044,b41caaec2675303618d216996a138521703a3065,-62,227,IDR
1,4F-71-56-ED-74-CE,ielphickoz,600098,229cc1837447f0ee55e7b34fba5f0bf27de0b3d1,-81,226,CNY
2,6C-6C-50-7D-1A-4A,mhallgatep0,600042,9da9e080974b8e5d690b25800641f925885d112e,-77,596,KZT
3,B9-8E-5A-F8-16-1F,pclymap1,600112,96df3524709f28c11382ecb2316413a3d0254c44,-90,143,BRL
1,07-1F-71-E4-50-DA,lmackeanp2,600066,807964643f843f78e3fce09f71e035727a18e252,-57,1167,PHP
3,6B-A0-9D-76-0C-BC,ftrevearp3,600103,013b4f63a0a983c99bfb35eb8fd2f118d14a1916,-83,872,SEK
2,9B-70-B2-2C-20-9D,rrizzip4,600101,123891e587d10c2510edd78d8174b0064bf11a23,-90,288,CNY
2,2C-D7-55-B9-97-C4,khoffp5,600076,8942099c22ebdc5194e16e78c9a97e75d9ada795,-52,1134,PLN
3,F0-BC-79-F2-17-63,imorisonp6,600015,0c67fe95f371e42615cd3560c6f87597db310e12,-58,541,SEK
2,37-43-6F-84-DF-40,kmarcroftp7,600012,c2ff6df3e1542f1e93bc12f5225dd2b1110684a4,-57,270,MYR
1,90-A7-5C-DF-92-16,wpealingp8,600057,e1d09ec6d5c40fe08edd77ec7f8956a6149e3c51,-50,269,CNY
2,88-DF-E4-2E-7B-C7,bhusseyp9,600033,255c2e1033fc9a32b0b0407ddb6da4a11e22118c,-81,249,CNY
1,40-8D-BC-A6-36-D0,jpottenpa,600106,bf6437c2252c76e9dbbcbb46a32c0d9e5f2d9d29,-87,907,CNY
2,B4-EA-97-00-39-FC,mockendonpb,600044,650c54b873f0b4bfae77c12e0ac7b912f890bb88,-76,1126,PLN
2,D9-47-D7-51-82-B1,lludlempc,600101,af8153166b6f2c6a41a363c7653d36f6f4b53fd9,-43,974,IRR
3,3B-31-48-E3-8C-F6,faldwickpd,600096,b6a41462d75e0af06763ab0ded090c86d797f294,-73,443,EUR
2,77-71-35-56-BF-17,mdymidowskipe,600111,da878c9aba95c06da1ec69a167a0b7a1df070cce,-48,603,NOK
1,67-AC-9D-52-0A-E7,rgiottoipf,600073,9fbb8f4d08692f47b062369bc3a5fe8ab86beb87,-89,405,CNY
2,98-DD-CA-6C-E1-C3,ygreaderpg,600043,77cad4a9bbdee354e4da4b21c2bf3d64b0d56bbd,-74,763,PEN
2,97-DB-55-39-6D-44,hphippenph,600005,c0e724c00f4b500f2ae6e88829704919be0d0020,-44,951,EGP
3,05-CA-12-65-67-5B,lboultonpi,600106,c99d296617e9debea35fc5a22635207264c2fa06,-52,960,LKR
3,A5-CC-B1-67-D1-F5,jsuttellpj,600089,e6e228b59ebe7c38735b98e57923ef4d656ea822,-64,221,BRL
2,9A-45-B6-31-75-2B,ceastcottpk,600042,a036d217c2164c778ce743802e141b634f750d88,-88,1127,EUR
1,D3-0A-C4-8B-E4-F1,pswinbournepl,600109,cbae3b8e037d3e772c67ad0acc67a4182b5e5c2f,-77,444,CNY
2,7B-DB-32-1E-02-BD,fslaghtpm,600079,7cb9c011e9e23c1a77153c3eba430525077f779f,-68,1083,RUB
2,F2-4C-94-79-04-48,mbeckleypn,600024,35258485c041cb9d047217089cf49d3a9c397f04,-59,552,BRL
1,68-DD-4E-A1-CD-37,ecullinanepo,600040,73e4d6a3eaf172f18664ded33a91335dcbf0a5b0,-88,901,CNY
3,38-56-0E-16-7E-E5,tlevenpp,600013,09e83fe20672d00f6304c59817ff4aa473b86c0a,-46,209,PHP
1,12-50-9E-B9-14-D7,odagnallpq,600061,b056790c81cc6b5d490e854329547262422f7b8c,-44,1147,CAD
2,14-3B-67-1D-79-09,hzaplepr,600023,c9ee6805e7a081d2e7f746498ee4265788ee58ef,-79,356,BRL
1,E3-11-24-43-24-23,plendenps,600088,0f27dc050f772b2564a584196da9cda73bb81fa2,-70,759,CZK
2,40-CC-F2-AE-88-09,ggendrichpt,600118,11c6884f2467970f642dc5431a74fc8a8fd61ea3,-62,954,COP
2,71-C5-E9-F0-3D-C4,akeatingpu,600109,6e570b2609d3e8fb238aec92777259d45326dc7e,-40,733,CNY
2,04-FB-F8-66-00-1A,clemanpv,600037,5d27daf455c54b1e112a10ea65819cb749118ea5,-68,505,USD
2,44-6E-37-63-C2-9D,epowderhampw,600055,6ab5490dee455b9f71a5654679655bdd4eb54a36,-71,1149,ILS
1,17-91-6C-96-C0-77,lbrookesbiepx,600096,6dae010adce6c4e25d81d7422ad7ee57980bd115,-57,742,KPW
2,09-9D-32-F5-DE-A2,ckornelpy,600082,f76669201f81de8957ac909114fcb6cf50975b60,-57,533,CNY
3,4D-96-AF-48-82-79,dgarvinpz,600025,6b9cd2ed1f4360ce3f4e5612b4d4bb8941542019,-72,441,SEK
2,6B-10-4C-BD-8E-6D,ebaisonq0,600067,944576d28a11a0265a95c8100b4dfa6f093f237e,-74,242,KGS
2,AF-55-CF-5C-55-EA,dmousdallq1,600063,9cd2611ed74cb4c2b08f4483898cee3d87a92b5c,-76,970,RUB
3,CD-86-C1-34-9C-72,kstruisq2,600028,f86e5d2e0612b9b9ab21cde48815d1aef9957ac0,-64,790,MGA
2,E0-90-84-98-F0-07,tcornellq3,600085,1802a9c4d58635a76faf7d88adc9daee5f4ab9bb,-90,671,IDR
1,C2-8F-D0-3D-BF-75,swifeq4,600086,c0229c306272a525369437d8c8720c7485cf6bb4,-74,1059,UAH
1,86-1D-A6-F3-13-39,dregisq5,600006,eab08c289eb1397a4608e9a592c7b342e1d15bf0,-89,374,BRL
2,34-75-C8-EF-32-0E,achidleyq6,600066,65a12d5ff972d30ca15ed4b42521f4e401ca9858,-55,853,NGN
1,63-8E-99-DE-6D-F8,kstruttonq7,600114,e7edae8dfe815c53de8ec23c5c1f2bb649ee3486,-74,710,USD
2,E2-6E-01-E7-A4-90,plunaq8,600108,5ab92126dd2b16a587266235f3182c38afdc3652,-89,1178,PYG
3,1A-BF-95-B1-8A-C7,btembridgeq9,600100,c9e0282a821f523ce3612db9c446f138b993c6f1,-70,705,CNY
1,E7-9A-1F-13-50-DD,pcrossfieldqa,600040,88ab8a93024ee8ea7aaaf6ef0c7ea3d9f1756d5a,-48,579,CNY
2,73-1F-5B-78-B7-CB,gantonescuqb,600059,a7734cfb08a5013b6626547785a639f320ab612d,-41,661,MXN
3,5D-E7-E6-12-59-80,kmalenoirqc,600018,67a5e9931225b0fe710713485d916beba1089414,-63,968,UGX
2,6F-4E-39-63-02-5D,mlilywhiteqd,600005,485303e67ebecec9e7fdcdf7ca3b01476138c0ca,-75,424,EUR
3,BD-83-77-98-BF-60,hwicklinqe,600030,405ce2a6e7179b44f5ee6625de921b6b52c7689e,-73,1028,CNY
1,B6-DA-CD-22-45-62,chairesnapeqf,600107,71357a23c82d6b7a7cbdb8fc4d07d30c386b4125,-63,837,CLP
3,11-54-87-8F-74-39,obachshellqg,600050,d2f34c4154617e8a38fd5db54d2b6001d967c799,-64,417,EUR
2,AE-3E-7C-DE-F9-92,dsherstonqh,600118,c2ff64c55dfe59f48857810564996195ae716e97,-73,341,EUR
2,73-32-15-E3-9C-23,wcatletteqi,600043,75fcb65ee0d60b3f5fa44551cf817fc4dbbc727f,-63,743,PHP
1,A4-9C-1E-CD-76-02,iquaifeqj,600021,1c5404e96a8de63c4027898683545b50b62ab6fc,-78,764,EUR
2,04-3E-92-E3-83-9C,titscowiczqk,600092,0052de9173fa0540a71a66817479e9a78080e19d,-67,924,EUR
2,A3-EF-8D-A3-84-64,mmaffeiql,600119,3a001058f1dd78fe70496a6894a5489468d0c18b,-76,729,VEF
2,58-E2-AC-AA-A2-41,pabrahmerqm,600036,549dd52a9fa07e6d2921340818d2e35d432d3386,-73,333,JMD
2,B1-0E-68-CB-B5-25,lmcilhaggaqn,600030,3317496a8e021404e58a7fdfd346dfaee2c7f34c,-57,814,IDR
2,AB-E3-60-1A-8D-03,mmannixqo,600076,5880efb59790b021abd87f485eb150bb30f28f48,-48,905,AFN
1,54-0B-68-2C-EC-99,lminciniqp,600089,17eb1fb7532b7808c8ebefb76162944b62ee24d1,-51,907,ARS
2,56-28-18-F4-B2-EC,clacerqq,600007,aa4d8d5786d4b8e427d36f58484bb13f36e90475,-74,539,EUR
2,12-58-E8-9E-88-7F,scorsorqr,600089,d01fc31a81993abc7cd10aced1d150fa9b60799e,-65,832,CDF
1,F1-58-EB-96-6D-C8,bdimeloeqs,600041,b120464df444ea718289e89cf4b61604275ac135,-67,852,CNY
3,71-CD-02-DE-F9-72,tkobusqt,600064,e67cb0dec7680f69e4a3e2c3e13fe3d468f85c61,-68,118,CNY
1,9C-3C-C9-79-AF-F9,cdurrantqu,600116,fe9413e429c89a30a559714f0be0ba25f68de27f,-81,577,BRL
3,E6-4F-A4-27-68-E6,ksnelgroveqv,600057,a3bf69d51010877e9b65bd3ea17bbac236e4fcb1,-90,576,IDR
1,23-41-57-9E-F5-27,kstandfieldqw,600113,e346355f281f79e16dade2b3b549f1fdc966769c,-86,360,CNY
2,CF-5D-42-FD-9F-3F,tdooneyqx,600020,44951b24633729818a2f4dcf12f05d689df0d53d,-40,566,CAD
3,98-C9-81-1E-3F-72,kchurchqy,600037,b0ed5af9405f158591ec2a1742464d9993a73107,-59,769,CNY
2,53-72-E7-7E-9B-78,hhollerinqz,600014,932488a30b3d3d489b18461c37849a9caf081f3f,-59,261,CNY
1,05-63-4E-A6-E2-25,geareyr0,600074,0ec630ee63b37687c7dda90c75c7e63413c04ea7,-46,119,PLN
2,F5-31-E5-58-1F-2C,kfeethamr1,600053,77877d4c57fd1f43e5c91ed4d642d4fba8c8a5f2,-89,873,COP
2,96-B7-6D-93-1E-31,swadleyr2,600096,21dd7109d3028d65fd5f846b32b5b35503c92114,-41,962,HRK
1,93-8A-57-43-B6-E2,tteshr3,600080,9b3cdc966ab0fe56833bd1f14d136000dad520be,-87,838,SEK
1,13-A3-5D-0D-B5-98,ealisonr4,600017,e3df5107f8a2cc21879a886213e056c7508fd8dc,-73,626,EUR
3,D3-91-FF-00-EE-37,dhundleyr5,600119,ef52d23070cc8ca0c84f68c47be67ea16740d381,-80,604,EUR
2,A3-C3-92-C5-D1-2C,rcasinr6,600006,38acec996a7f11962793c88994420b974b505dce,-73,201,IDR
3,29-7F-2F-18-01-A6,tboyerr7,600067,0bf92edd55037e25666b72653c4e4eda9882a8fb,-53,1046,JPY
3,C9-1A-7E-61-93-53,msulmanr8,600092,308777e2c1a915ac0a6213ab7c5e3d00d235b01e,-75,122,BRL
3,80-E0-BD-C9-1D-95,mfairbournr9,600109,b87715d7faae8ea55058a850fdc237b8af9d8290,-52,496,CNY
2,98-8C-69-B5-EA-AC,jguisbyra,600032,db10e6b4f9b0076576908a46d0bdc139c1d6b165,-62,537,CNY
2,31-DD-E6-2B-32-84,fmurtyrb,600016,d3132a8bffd46356e522c19491cd276d2086ff5d,-63,586,BRL
3,12-AD-EF-CC-61-D1,cdundredgerc,600004,e592076e4422fe062f6b9def36cfd75f03c98f12,-54,756,THB
1,A3-FF-4C-EC-7F-13,wdonnellrd,600028,26122504453392a010b75c84fda46c201c3c88c4,-55,348,CNY
2,B7-69-2E-16-00-00,cloveardre,600022,0a38ed8aa0f05e339e0d3c84fc2677c1d1117459,-81,818,CNY
3,77-D9-D4-66-C2-D5,djaggirf,600066,2a01eb091aea9ffa77c4f2b2b3fd4fc30f75bb9f,-63,187,SYP
1,EE-0D-DE-8A-6E-94,mcondlifferg,600001,c52cad7b806608e50a41715eed831d67f3e2219f,-90,233,CNY
3,3A-2E-92-70-C4-72,lstoreyrh,600094,f42ed74c11eb5fe34d9e44b04f9fd7abaa08ce81,-64,901,ARS
1,DF-9B-60-3A-09-71,kfinlowri,600086,62945e966c98dd2717b62d5124aee09bc7b17ec5,-90,178,BRL
1,20-65-0D-D1-0B-E1,dcaudellrj,600091,fd3071f1337709c1484e67b369858c081751c82b,-51,920,ILS
2,11-78-1E-90-D9-74,jmilleyrk,600017,01fdf6c04ccd3477f1475a48e5dd87f49df274ce,-79,978,PEN
3,BE-08-E6-31-88-64,cdanirl,600043,67513e66982a1d5a9fe1e4bc965719040b79ac22,-79,466,CZK
3,3B-A3-A3-D4-EE-E4,cmaccallamrm,600097,5a16f8cc0896c5354aec5162455b156c0c311263,-80,729,SEK
1,00-9B-12-3A-F0-6F,lskenern,600015,e01af1bd7cef47b7a4532eac9c4d022c6c48ece2,-80,121,CNY
3,E1-25-8A-A4-FF-CC,gwillbournero,600011,967ce4eaebb8959a8366bbc8b067608dd548ba54,-41,258,SEK
2,F6-78-AE-F9-F6-D7,vdewsnaprp,600115,c3f7faebc0d86b425d0c919081fbccf805c37b0d,-63,1051,MXN
1,AF-9D-E5-3B-C2-A8,cshieberrq,600073,0d4113ecdca2c8aae3832d86cdd8f5938b7d9fb2,-71,352,PHP
2,E0-91-C7-54-FA-5A,adakhnorr,600045,540cb6b38c7107744006087ba229c977bae8577e,-80,560,MYR
